Date,USD (AM)
2001-01-02,272.8
2001-01-03,269.0
2001-01-04,268.75
2001-01-05,268.0
2001-01-08,268.6
2001-01-09,267.75
2001-01-10,266.7
2001-01-11,264.8
2001-01-12,263.65
2001-01-15,263.35
2001-01-16,264.5
2001-01-17,263.1
2001-01-18,264.1
2001-01-19,265.75
2001-01-22,266.1
2001-01-23,267.1
2001-01-24,265.7
2001-01-25,263.6
2001-01-26,264.5
2001-01-29,263.1
2001-01-30,263.4
2001-01-31,266.2
2001-02-01,266.85
2001-02-02,268.0
2001-02-05,266.25
2001-02-06,264.55
2001-02-07,262.9
2001-02-08,263.4
2001-02-09,260.5
2001-02-12,260.9
2001-02-13,261.5
2001-02-14,260.9
2001-02-15,259.5
2001-02-16,256.7
2001-02-19,258.95
2001-02-20,258.3
2001-02-21,257.3
2001-02-22,258.0
2001-02-23,259.95
2001-02-26,262.8
2001-02-27,268.1
2001-02-28,265.0
2001-03-01,266.7
2001-03-02,263.35
2001-03-05,261.85
2001-03-06,262.6
2001-03-07,261.55
2001-03-08,263.6
2001-03-09,268.75
2001-03-12,270.5
2001-03-13,269.4
2001-03-14,267.45
2001-03-15,262.7
2001-03-16,260.2
2001-03-19,260.5
2001-03-20,262.6
2001-03-21,261.2
2001-03-22,262.25
2001-03-23,262.3
2001-03-26,261.3
2001-03-27,262.75
2001-03-28,261.2
2001-03-29,260.2
2001-03-30,259.05
2001-04-02,257.55
2001-04-03,257.0
2001-04-04,259.2
2001-04-05,258.2
2001-04-06,258.1
2001-04-09,260.9
2001-04-10,257.05
2001-04-11,258.45
2001-04-12,259.4
2001-04-17,262.15
2001-04-18,260.1
2001-04-19,261.35
2001-04-20,264.2
2001-04-23,262.9
2001-04-24,263.65
2001-04-25,263.95
2001-04-26,262.2
2001-04-27,264.45
2001-04-30,263.45
2001-05-01,263.8
2001-05-02,265.0
2001-05-03,265.3
2001-05-04,265.8
2001-05-08,265.6
2001-05-09,265.2
2001-05-10,269.4
2001-05-11,268.95
2001-05-14,267.7
2001-05-15,268.05
2001-05-16,269.1
2001-05-17,271.75
2001-05-18,272.1
2001-05-21,288.35
2001-05-22,282.75
2001-05-23,283.85
2001-05-24,283.45
2001-05-25,280.65
2001-05-29,276.65
2001-05-30,273.65
2001-05-31,266.1
2001-06-01,265.65
2001-06-04,266.25
2001-06-05,266.15
2001-06-06,266.95
2001-06-07,266.25
2001-06-08,267.25
2001-06-11,272.75
2001-06-12,267.9
2001-06-13,271.8
2001-06-14,272.2
2001-06-15,274.35
2001-06-18,271.5
2001-06-19,273.95
2001-06-20,272.4
2001-06-21,272.65
2001-06-22,273.2
2001-06-25,273.1
2001-06-26,273.85
2001-06-27,276.0
2001-06-28,271.45
2001-06-29,269.9
2001-07-02,269.1
2001-07-03,268.6
2001-07-04,267.6
2001-07-05,267.55
2001-07-06,265.2
2001-07-09,266.85
2001-07-10,267.2
2001-07-11,266.55
2001-07-12,267.55
2001-07-13,266.4
2001-07-16,268.0
2001-07-17,266.85
2001-07-18,268.1
2001-07-19,271.55
2001-07-20,270.1
2001-07-23,269.25
2001-07-24,268.9
2001-07-25,269.25
2001-07-26,267.15
2001-07-27,265.85
2001-07-30,266.4
2001-07-31,265.55
2001-08-01,267.7
2001-08-02,268.3
2001-08-03,267.5
2001-08-06,267.9
2001-08-07,266.7
2001-08-08,266.5
2001-08-09,269.0
2001-08-10,273.35
2001-08-13,275.1
2001-08-14,274.1
2001-08-15,276.35
2001-08-16,275.1
2001-08-17,276.25
2001-08-20,277.75
2001-08-21,276.95
2001-08-22,277.25
2001-08-23,274.3
2001-08-24,275.15
2001-08-28,271.6
2001-08-29,272.85
2001-08-30,273.4
2001-08-31,275.35
2001-09-03,273.55
2001-09-04,272.25
2001-09-05,271.7
2001-09-06,272.0
2001-09-07,273.15
2001-09-10,273.2
2001-09-11,271.4
2001-09-12,279.5
2001-09-13,278.5
2001-09-14,284.5
2001-09-17,291.0
2001-09-18,288.65
2001-09-19,289.35
2001-09-20,288.2
2001-09-21,291.3
2001-09-24,289.65
2001-09-25,287.95
2001-09-26,291.6
2001-09-27,291.25
2001-09-28,290.85
2001-10-01,291.65
2001-10-02,291.1
2001-10-03,289.95
2001-10-04,289.15
2001-10-05,291.6
2001-10-08,292.85
2001-10-09,291.1
2001-10-10,286.5
2001-10-11,282.35
2001-10-12,282.85
2001-10-15,283.75
2001-10-16,281.25
2001-10-17,281.65
2001-10-18,282.2
2001-10-19,278.7
2001-10-22,277.55
2001-10-23,274.9
2001-10-24,276.15
2001-10-25,275.35
2001-10-26,276.95
2001-10-29,277.7
2001-10-30,280.2
2001-10-31,280.95
2001-11-01,279.45
2001-11-02,280.2
2001-11-05,278.95
2001-11-06,278.9
2001-11-07,280.5
2001-11-08,280.2
2001-11-09,277.3
2001-11-12,277.7
2001-11-13,277.65
2001-11-14,277.55
2001-11-15,276.05
2001-11-16,275.5
2001-11-19,274.2
2001-11-20,273.75
2001-11-21,273.15
2001-11-22,273.2
2001-11-23,272.55
2001-11-26,273.05
2001-11-27,273.65
2001-11-28,274.6
2001-11-29,274.65
2001-11-30,274.7
2001-12-03,275.25
2001-12-04,276.55
2001-12-05,275.75
2001-12-06,274.1
2001-12-07,274.75
2001-12-10,273.35
2001-12-11,272.6
2001-12-12,273.25
2001-12-13,273.95
2001-12-14,274.85
2001-12-17,277.8
2001-12-18,278.85
2001-12-19,278.9
2001-12-20,276.25
2001-12-21,277.8
2001-12-24,277.7
2001-12-27,278.05
2001-12-28,277.6
2001-12-31,276.5
2002-01-02,278.1
2002-01-03,278.65
2002-01-04,278.95
2002-01-07,279.65
2002-01-08,278.2
2002-01-09,279.35
2002-01-10,287.0
2002-01-11,286.6
2002-01-14,286.4
2002-01-15,283.85
2002-01-16,287.95
2002-01-17,285.15
2002-01-18,283.7
2002-01-21,282.65
2002-01-22,283.35
2002-01-23,281.6
2002-01-24,279.05
2002-01-25,279.0
2002-01-28,279.35
2002-01-29,277.8
2002-01-30,280.95
2002-01-31,281.5
2002-02-01,282.0
2002-02-04,285.8
2002-02-05,290.35
2002-02-06,297.45
2002-02-07,300.35
2002-02-08,305.1
2002-02-11,301.5
2002-02-12,298.9
2002-02-13,298.6
2002-02-14,298.1
2002-02-15,300.4
2002-02-18,298.5
2002-02-19,297.25
2002-02-20,294.2
2002-02-21,291.15
2002-02-22,293.35
2002-02-25,291.8
2002-02-26,293.0
2002-02-27,299.3
2002-02-28,296.55
2002-03-01,295.8
2002-03-04,299.55
2002-03-05,296.6
2002-03-06,294.35
2002-03-07,292.15
2002-03-08,289.3
2002-03-11,291.75
2002-03-12,292.0
2002-03-13,293.75
2002-03-14,292.7
2002-03-15,291.0
2002-03-18,291.0
2002-03-19,293.2
2002-03-20,292.7
2002-03-21,292.25
2002-03-22,293.65
2002-03-25,297.7
2002-03-26,297.1
2002-03-27,297.5
2002-03-28,303.0
2002-04-02,302.65
2002-04-03,304.95
2002-04-04,301.5
2002-04-05,300.8
2002-04-08,298.5
2002-04-09,299.3
2002-04-10,297.8
2002-04-11,301.8
2002-04-12,301.65
2002-04-15,301.8
2002-04-16,299.35
2002-04-17,300.15
2002-04-18,302.3
2002-04-19,303.7
2002-04-22,303.35
2002-04-23,303.25
2002-04-24,304.5
2002-04-25,305.1
2002-04-26,307.65
2002-04-29,310.65
2002-04-30,309.35
2002-05-01,308.3
2002-05-02,308.1
2002-05-03,308.85
2002-05-07,312.65
2002-05-08,310.9
2002-05-09,308.75
2002-05-10,310.65
2002-05-13,311.6
2002-05-14,309.95
2002-05-15,307.5
2002-05-16,309.05
2002-05-17,310.65
2002-05-20,311.8
2002-05-21,315.1
2002-05-22,318.25
2002-05-23,316.25
2002-05-24,320.9
2002-05-27,320.8
2002-05-28,321.4
2002-05-29,325.2
2002-05-30,324.65
2002-05-31,327.25
2002-06-05,324.5
2002-06-06,322.9
2002-06-07,326.55
2002-06-10,323.1
2002-06-11,319.0
2002-06-12,319.55
2002-06-13,317.6
2002-06-14,319.7
2002-06-17,317.95
2002-06-18,318.05
2002-06-19,321.85
2002-06-20,320.85
2002-06-21,323.5
2002-06-24,326.35
2002-06-25,323.1
2002-06-26,324.6
2002-06-27,319.45
2002-06-28,319.05
2002-07-01,312.3
2002-07-02,312.9
2002-07-03,312.85
2002-07-04,310.9
2002-07-05,310.75
2002-07-08,313.0
2002-07-09,312.45
2002-07-10,315.95
2002-07-11,314.5
2002-07-12,316.5
2002-07-15,316.35
2002-07-16,320.35
2002-07-17,317.75
2002-07-18,316.6
2002-07-19,319.15
2002-07-22,324.0
2002-07-23,320.3
2002-07-24,313.6
2002-07-25,310.25
2002-07-26,308.6
2002-07-29,303.05
2002-07-30,304.45
2002-07-31,305.5
2002-08-01,300.65
2002-08-02,306.5
2002-08-05,307.6
2002-08-06,306.75
2002-08-07,307.8
2002-08-08,312.95
2002-08-09,309.6
2002-08-12,316.25
2002-08-13,314.7
2002-08-14,316.25
2002-08-15,312.7
2002-08-16,314.55
2002-08-19,313.05
2002-08-20,307.6
2002-08-21,308.35
2002-08-22,306.45
2002-08-23,305.8
2002-08-27,309.4
2002-08-28,310.95
2002-08-29,310.65
2002-08-30,312.4
2002-09-02,312.25
2002-09-03,313.5
2002-09-04,312.7
2002-09-05,316.2
2002-09-06,317.9
2002-09-09,322.2
2002-09-10,318.35
2002-09-11,317.15
2002-09-12,318.0
2002-09-13,318.5
2002-09-16,316.55
2002-09-17,315.3
2002-09-18,317.6
2002-09-19,320.15
2002-09-20,321.55
2002-09-23,323.45
2002-09-24,323.3
2002-09-25,325.25
2002-09-26,322.35
2002-09-27,320.15
2002-09-30,322.4
2002-10-01,322.6
2002-10-02,320.4
2002-10-03,322.7
2002-10-04,321.65
2002-10-07,322.35
2002-10-08,320.7
2002-10-09,318.8
2002-10-10,319.5
2002-10-11,317.1
2002-10-14,318.0
2002-10-15,317.5
2002-10-16,314.0
2002-10-17,312.8
2002-10-18,312.45
2002-10-21,313.4
2002-10-22,311.65
2002-10-23,313.4
2002-10-24,311.1
2002-10-25,312.3
2002-10-28,313.3
2002-10-29,316.35
2002-10-30,316.8
2002-10-31,316.35
2002-11-01,318.75
2002-11-04,317.2
2002-11-05,318.9
2002-11-06,317.5
2002-11-07,319.7
2002-11-08,322.55
2002-11-11,321.1
2002-11-12,321.9
2002-11-13,323.2
2002-11-14,318.6
2002-11-15,318.5
2002-11-18,319.8
2002-11-19,319.8
2002-11-20,319.0
2002-11-21,318.4
2002-11-22,318.2
2002-11-25,319.5
2002-11-26,318.0
2002-11-27,318.2
2002-11-28,317.3
2002-11-29,318.25
2002-12-02,317.3
2002-12-03,317.7
2002-12-04,320.7
2002-12-05,322.1
2002-12-06,325.3
2002-12-09,325.3
2002-12-10,325.95
2002-12-11,323.75
2002-12-12,326.15
2002-12-13,333.5
2002-12-16,332.9
2002-12-17,341.0
2002-12-18,337.05
2002-12-19,345.75
2002-12-20,343.1
2002-12-23,343.9
2002-12-24,345.0
2002-12-27,348.3
2002-12-30,348.5
2002-12-31,342.75
2003-01-02,342.2
2003-01-03,344.0
2003-01-06,356.1
2003-01-07,348.7
2003-01-08,346.75
2003-01-09,354.6
2003-01-10,353.15
2003-01-13,352.35
2003-01-14,353.75
2003-01-15,351.9
2003-01-16,350.85
2003-01-17,358.2
2003-01-20,355.8
2003-01-21,355.55
2003-01-22,359.25
2003-01-23,363.3
2003-01-24,364.1
2003-01-27,370.8
2003-01-28,366.45
2003-01-29,369.85
2003-01-30,363.0
2003-01-31,370.35
2003-02-03,369.0
2003-02-04,374.85
2003-02-05,385.0
2003-02-06,372.5
2003-02-07,370.55
2003-02-10,371.75
2003-02-11,362.15
2003-02-12,363.15
2003-02-13,354.25
2003-02-14,356.25
2003-02-17,346.55
2003-02-18,347.0
2003-02-19,347.2
2003-02-20,351.1
2003-02-21,354.0
2003-02-24,352.9
2003-02-25,359.1
2003-02-26,352.55
2003-02-27,354.0
2003-02-28,347.65
2003-03-03,348.45
2003-03-04,352.4
2003-03-05,354.5
2003-03-06,353.25
2003-03-07,356.6
2003-03-10,353.1
2003-03-11,353.15
2003-03-12,349.0
2003-03-13,342.9
2003-03-14,335.5
2003-03-17,340.5
2003-03-18,334.9
2003-03-19,339.0
2003-03-20,335.5
2003-03-21,332.55
2003-03-24,330.15
2003-03-25,333.0
2003-03-26,329.6
2003-03-27,333.15
2003-03-28,330.3
2003-03-31,335.35
2003-04-01,335.65
2003-04-02,330.25
2003-04-03,324.7
2003-04-04,323.2
2003-04-07,319.75
2003-04-08,322.3
2003-04-09,324.1
2003-04-10,325.1
2003-04-11,325.05
2003-04-14,325.6
2003-04-15,323.7
2003-04-16,323.85
2003-04-17,326.1
2003-04-22,333.25
2003-04-23,333.8
2003-04-24,332.0
2003-04-25,333.4
2003-04-28,333.75
2003-04-29,332.6
2003-04-30,336.0
2003-05-01,338.95
2003-05-02,341.25
2003-05-06,342.65
2003-05-07,343.0
2003-05-08,341.4
2003-05-09,348.7
2003-05-12,350.35
2003-05-13,350.75
2003-05-14,348.9
2003-05-15,353.85
2003-05-16,352.55
2003-05-19,359.75
2003-05-20,368.0
2003-05-21,364.9
2003-05-22,369.6
2003-05-23,369.7
2003-05-27,372.35
2003-05-28,364.55
2003-05-29,361.1
2003-05-30,365.8
2003-06-02,361.3
2003-06-03,365.3
2003-06-04,365.3
2003-06-05,362.6
2003-06-06,367.35
2003-06-09,362.8
2003-06-10,359.4
2003-06-11,354.15
2003-06-12,354.2
2003-06-13,353.95
2003-06-16,359.0
2003-06-17,359.75
2003-06-18,361.25
2003-06-19,356.45
2003-06-20,359.6
2003-06-23,356.05
2003-06-24,354.35
2003-06-25,347.85
2003-06-26,345.85
2003-06-27,343.5
2003-06-30,345.15
2003-07-01,348.55
2003-07-02,351.2
2003-07-03,349.6
2003-07-04,351.1
2003-07-07,350.25
2003-07-08,345.3
2003-07-09,345.45
2003-07-10,343.4
2003-07-11,344.2
2003-07-14,344.5
2003-07-15,348.5
2003-07-16,343.0
2003-07-17,344.6
2003-07-18,344.0
2003-07-21,347.8
2003-07-22,352.25
2003-07-23,352.2
2003-07-24,359.8
2003-07-25,361.1
2003-07-28,361.95
2003-07-29,364.0
2003-07-30,359.1
2003-07-31,355.75
2003-08-01,353.05
2003-08-04,348.95
2003-08-05,349.5
2003-08-06,352.65
2003-08-07,350.15
2003-08-08,353.5
2003-08-11,357.0
2003-08-12,360.0
2003-08-13,356.0
2003-08-14,362.25
2003-08-15,363.3
2003-08-18,361.3
2003-08-19,358.3
2003-08-20,362.2
2003-08-21,364.0
2003-08-22,360.75
2003-08-26,360.75
2003-08-27,364.3
2003-08-28,370.9
2003-08-29,371.0
2003-09-01,376.35
2003-09-02,375.5
2003-09-03,372.2
2003-09-04,373.0
2003-09-05,371.0
2003-09-08,376.4
2003-09-09,378.2
2003-09-10,381.15
2003-09-11,379.05
2003-09-12,377.5
2003-09-15,375.3
2003-09-16,374.9
2003-09-17,372.9
2003-09-18,376.95
2003-09-19,376.3
2003-09-22,386.2
2003-09-23,386.45
2003-09-24,385.25
2003-09-25,391.85
2003-09-26,384.1
2003-09-29,379.85
2003-09-30,384.5
2003-10-01,385.0
2003-10-02,385.15
2003-10-03,383.95
2003-10-06,372.75
2003-10-07,376.2
2003-10-08,376.6
2003-10-09,376.45
2003-10-10,370.35
2003-10-13,370.8
2003-10-14,373.65
2003-10-15,374.5
2003-10-16,371.2
2003-10-17,371.8
2003-10-20,371.45
2003-10-21,374.8
2003-10-22,381.55
2003-10-23,386.75
2003-10-24,384.6
2003-10-27,386.75
2003-10-28,386.55
2003-10-29,382.7
2003-10-30,391.0
2003-10-31,384.6
2003-11-03,383.25
2003-11-04,378.3
2003-11-05,382.15
2003-11-06,381.9
2003-11-07,381.0
2003-11-10,382.85
2003-11-11,386.4
2003-11-12,388.05
2003-11-13,395.5
2003-11-14,395.35
2003-11-17,398.0
2003-11-18,392.4
2003-11-19,397.15
2003-11-20,395.75
2003-11-21,393.85
2003-11-24,394.25
2003-11-25,391.5
2003-11-26,392.0
2003-11-27,396.25
2003-11-28,398.1
2003-12-01,398.75
2003-12-02,401.05
2003-12-03,403.3
2003-12-04,402.4
2003-12-05,402.0
2003-12-08,408.75
2003-12-09,408.25
2003-12-10,407.3
2003-12-11,404.0
2003-12-12,406.6
2003-12-15,404.5
2003-12-16,409.7
2003-12-17,407.5
2003-12-18,410.75
2003-12-19,408.75
2003-12-22,410.8
2003-12-23,409.6
2003-12-24,410.8
2003-12-29,413.5
2003-12-30,415.6
2003-12-31,417.25
2004-01-02,415.2
2004-01-05,417.75
2004-01-06,428.0
2004-01-07,420.65
2004-01-08,418.1
2004-01-09,422.8
2004-01-12,428.2
2004-01-13,424.5
2004-01-14,421.0
2004-01-15,415.5
2004-01-16,410.3
2004-01-19,407.1
2004-01-20,408.3
2004-01-21,411.25
2004-01-22,412.0
2004-01-23,411.4
2004-01-26,406.2
2004-01-27,404.0
2004-01-28,410.7
2004-01-29,410.15
2004-01-30,401.3
2004-02-02,401.85
2004-02-03,401.75
2004-02-04,399.6
2004-02-05,399.3
2004-02-06,396.4
2004-02-09,406.7
2004-02-10,408.35
2004-02-11,406.4
2004-02-12,411.4
2004-02-13,412.1
2004-02-16,410.7
2004-02-17,413.7
2004-02-18,415.9
2004-02-19,410.2
2004-02-20,408.25
2004-02-23,399.85
2004-02-24,401.45
2004-02-25,403.4
2004-02-26,395.05
2004-02-27,392.25
2004-03-01,398.5
2004-03-02,398.6
2004-03-03,390.35
2004-03-04,394.15
2004-03-05,393.5
2004-03-08,399.4
2004-03-09,401.2
2004-03-10,400.8
2004-03-11,397.4
2004-03-12,400.75
2004-03-15,399.0
2004-03-16,399.6
2004-03-17,402.0
2004-03-18,407.15
2004-03-19,411.0
2004-03-22,414.1
2004-03-23,415.2
2004-03-24,417.6
2004-03-25,416.6
2004-03-26,417.5
2004-03-29,420.9
2004-03-30,419.15
2004-03-31,423.0
2004-04-01,425.3
2004-04-02,426.1
2004-04-05,420.55
2004-04-06,416.95
2004-04-07,419.25
2004-04-08,422.0
2004-04-13,417.45
2004-04-14,405.75
2004-04-15,398.0
2004-04-16,399.75
2004-04-19,405.3
2004-04-20,398.8
2004-04-21,393.75
2004-04-22,391.35
2004-04-23,396.25
2004-04-26,396.5
2004-04-27,397.15
2004-04-28,396.75
2004-04-29,382.75
2004-04-30,387.3
2004-05-04,389.75
2004-05-05,394.3
2004-05-06,392.0
2004-05-07,386.85
2004-05-10,374.1
2004-05-11,378.0
2004-05-12,381.15
2004-05-13,375.5
2004-05-14,373.5
2004-05-17,380.8
2004-05-18,379.0
2004-05-19,380.2
2004-05-20,380.45
2004-05-21,382.25
2004-05-24,383.85
2004-05-25,387.6
2004-05-26,390.5
2004-05-27,391.45
2004-05-28,393.85
2004-06-01,395.85
2004-06-02,395.85
2004-06-03,391.4
2004-06-04,388.1
2004-06-07,393.45
2004-06-08,394.95
2004-06-09,389.3
2004-06-10,384.25
2004-06-11,384.55
2004-06-14,382.9
2004-06-15,382.3
2004-06-16,387.75
2004-06-17,386.0
2004-06-18,388.7
2004-06-21,393.85
2004-06-22,394.6
2004-06-23,395.25
2004-06-24,396.75
2004-06-25,401.15
2004-06-28,401.7
2004-06-29,396.75
2004-06-30,393.75
2004-07-01,394.5
2004-07-02,394.7
2004-07-05,398.4
2004-07-06,398.4
2004-07-07,397.35
2004-07-08,402.2
2004-07-09,406.6
2004-07-12,408.55
2004-07-13,404.25
2004-07-14,403.3
2004-07-15,403.9
2004-07-16,403.7
2004-07-19,406.95
2004-07-20,405.5
2004-07-21,401.1
2004-07-22,395.0
2004-07-23,392.85
2004-07-26,391.65
2004-07-27,392.25
2004-07-28,386.2
2004-07-29,388.75
2004-07-30,389.6
2004-08-02,393.25
2004-08-03,390.6
2004-08-04,392.7
2004-08-05,391.8
2004-08-06,392.25
2004-08-09,398.6
2004-08-10,399.05
2004-08-11,396.25
2004-08-12,396.25
2004-08-13,392.75
2004-08-16,399.3
2004-08-17,401.45
2004-08-18,403.2
2004-08-19,406.3
2004-08-20,405.8
2004-08-23,409.95
2004-08-24,406.9
2004-08-25,405.5
2004-08-26,405.95
2004-08-27,406.85
2004-08-31,408.1
2004-09-01,408.0
2004-09-02,407.8
2004-09-03,405.8
2004-09-06,401.6
2004-09-07,401.8
2004-09-08,398.1
2004-09-09,399.25
2004-09-10,400.65
2004-09-13,400.75
2004-09-14,403.5
2004-09-15,404.8
2004-09-16,404.4
2004-09-17,404.6
2004-09-20,404.15
2004-09-21,405.45
2004-09-22,407.5
2004-09-23,408.05
2004-09-24,409.45
2004-09-27,409.0
2004-09-28,410.3
2004-09-29,411.55
2004-09-30,412.35
2004-10-01,418.15
2004-10-04,416.85
2004-10-05,414.25
2004-10-06,417.95
2004-10-07,417.9
2004-10-08,418.05
2004-10-11,421.75
2004-10-12,418.2
2004-10-13,412.45
2004-10-14,414.65
2004-10-15,417.8
2004-10-18,418.5
2004-10-19,416.25
2004-10-20,421.7
2004-10-21,425.5
2004-10-22,422.4
2004-10-25,429.0
2004-10-26,427.15
2004-10-27,425.85
2004-10-28,423.85
2004-10-29,426.2
2004-11-01,428.1
2004-11-02,425.1
2004-11-03,422.2
2004-11-04,426.3
2004-11-05,428.75
2004-11-08,432.95
2004-11-09,432.3
2004-11-10,435.1
2004-11-11,433.35
2004-11-12,436.9
2004-11-15,439.5
2004-11-16,437.95
2004-11-17,444.5
2004-11-18,444.3
2004-11-19,443.7
2004-11-22,447.0
2004-11-23,447.0
2004-11-24,448.65
2004-11-25,451.7
2004-11-26,451.55
2004-11-29,450.4
2004-11-30,452.0
2004-12-01,451.1
2004-12-02,454.35
2004-12-03,449.15
2004-12-06,455.75
2004-12-07,453.75
2004-12-08,445.75
2004-12-09,437.35
2004-12-10,433.9
2004-12-13,436.95
2004-12-14,438.6
2004-12-15,437.8
2004-12-16,441.25
2004-12-17,439.2
2004-12-20,441.75
2004-12-21,441.85
2004-12-22,442.7
2004-12-23,442.4
2004-12-24,442.2
2004-12-29,443.5
2004-12-30,435.15
2004-12-31,438.0
2005-01-04,426.8
2005-01-05,425.5
2005-01-06,425.8
2005-01-07,423.15
2005-01-10,421.25
2005-01-11,422.55
2005-01-12,421.7
2005-01-13,424.65
2005-01-14,421.7
2005-01-17,422.85
2005-01-18,422.55
2005-01-19,424.1
2005-01-20,421.7
2005-01-21,423.3
2005-01-24,427.6
2005-01-25,426.2
2005-01-26,423.7
2005-01-27,426.3
2005-01-28,426.4
2005-01-31,423.8
2005-02-01,421.15
2005-02-02,421.9
2005-02-03,419.8
2005-02-04,416.5
2005-02-07,414.5
2005-02-08,411.5
2005-02-09,413.2
2005-02-10,413.5
2005-02-11,417.05
2005-02-14,422.8
2005-02-15,424.6
2005-02-16,424.15
2005-02-17,426.6
2005-02-18,426.55
2005-02-21,427.1
2005-02-22,430.75
2005-02-23,433.25
2005-02-24,434.75
2005-02-25,432.4
2005-02-28,436.55
2005-03-01,434.65
2005-03-02,429.15
2005-03-03,433.25
2005-03-04,429.65
2005-03-07,433.6
2005-03-08,434.85
2005-03-09,439.9
2005-03-10,440.2
2005-03-11,440.95
2005-03-14,442.75
2005-03-15,442.0
2005-03-16,441.2
2005-03-17,442.65
2005-03-18,436.65
2005-03-21,436.25
2005-03-22,430.65
2005-03-23,427.25
2005-03-24,424.9
2005-03-29,426.95
2005-03-30,426.5
2005-03-31,427.5
2005-04-01,427.45
2005-04-04,425.95
2005-04-05,423.7
2005-04-06,426.6
2005-04-07,426.4
2005-04-08,425.4
2005-04-11,428.1
2005-04-12,429.15
2005-04-13,428.85
2005-04-14,427.2
2005-04-15,423.65
2005-04-18,425.65
2005-04-19,426.9
2005-04-20,432.4
2005-04-21,433.4
2005-04-22,433.4
2005-04-25,433.0
2005-04-26,434.7
2005-04-27,434.1
2005-04-28,432.75
2005-04-29,433.2
2005-05-03,429.2
2005-05-04,429.2
2005-05-05,430.5
2005-05-06,429.7
2005-05-09,425.8
2005-05-10,426.9
2005-05-11,428.35
2005-05-12,426.25
2005-05-13,421.45
2005-05-16,419.9
2005-05-17,420.35
2005-05-18,419.4
2005-05-19,421.75
2005-05-20,420.7
2005-05-23,417.6
2005-05-24,418.25
2005-05-25,418.5
2005-05-26,418.75
2005-05-27,418.6
2005-05-31,416.9
2005-06-01,416.1
2005-06-02,417.2
2005-06-03,423.2
2005-06-06,424.8
2005-06-07,426.6
2005-06-08,424.9
2005-06-09,423.55
2005-06-10,422.75
2005-06-13,425.6
2005-06-14,426.95
2005-06-15,426.65
2005-06-16,431.3
2005-06-17,436.05
2005-06-20,440.5
2005-06-21,434.35
2005-06-22,437.5
2005-06-23,437.15
2005-06-24,442.95
2005-06-27,439.35
2005-06-28,437.5
2005-06-29,434.9
2005-06-30,436.8
2005-07-01,434.2
2005-07-04,427.6
2005-07-05,426.0
2005-07-06,423.85
2005-07-07,427.85
2005-07-08,423.75
2005-07-11,425.0
2005-07-12,426.95
2005-07-13,425.55
2005-07-14,422.5
2005-07-15,419.6
2005-07-18,421.6
2005-07-19,420.0
2005-07-20,420.65
2005-07-21,423.65
2005-07-22,426.35
2005-07-25,424.85
2005-07-26,424.5
2005-07-27,422.75
2005-07-28,425.3
2005-07-29,427.15
2005-08-01,431.35
2005-08-02,431.85
2005-08-03,433.6
2005-08-04,435.6
2005-08-05,437.5
2005-08-08,436.85
2005-08-09,434.7
2005-08-10,436.3
2005-08-11,437.8
2005-08-12,447.25
2005-08-15,442.6
2005-08-16,440.85
2005-08-17,444.25
2005-08-18,439.0
2005-08-19,439.25
2005-08-22,437.5
2005-08-23,439.85
2005-08-24,438.25
2005-08-25,439.0
2005-08-26,438.5
2005-08-30,436.15
2005-08-31,433.0
2005-09-01,435.5
2005-09-02,446.3
2005-09-05,445.6
2005-09-06,443.5
2005-09-07,444.5
2005-09-08,444.8
2005-09-09,446.7
2005-09-12,449.15
2005-09-13,448.7
2005-09-14,447.85
2005-09-15,449.1
2005-09-16,458.1
2005-09-19,461.95
2005-09-20,470.0
2005-09-21,467.0
2005-09-22,472.75
2005-09-23,464.5
2005-09-26,461.05
2005-09-27,465.65
2005-09-28,462.0
2005-09-29,472.5
2005-09-30,473.4
2005-10-03,465.0
2005-10-04,467.5
2005-10-05,465.25
2005-10-06,466.3
2005-10-07,472.0
2005-10-10,477.5
2005-10-11,475.5
2005-10-12,478.5
2005-10-13,471.25
2005-10-14,470.7
2005-10-17,472.35
2005-10-18,473.0
2005-10-19,468.4
2005-10-20,464.0
2005-10-21,463.15
2005-10-24,463.75
2005-10-25,467.0
2005-10-26,471.55
2005-10-27,473.25
2005-10-28,473.65
2005-10-31,472.65
2005-11-01,465.55
2005-11-02,461.65
2005-11-03,464.8
2005-11-04,461.35
2005-11-07,457.6
2005-11-08,457.15
2005-11-09,462.6
2005-11-10,467.0
2005-11-11,465.9
2005-11-14,469.75
2005-11-15,467.55
2005-11-16,470.65
2005-11-17,480.75
2005-11-18,487.9
2005-11-21,488.0
2005-11-22,493.0
2005-11-23,488.85
2005-11-24,492.75
2005-11-25,495.7
2005-11-28,497.3
2005-11-29,497.1
2005-11-30,493.8
2005-12-01,494.4
2005-12-02,504.75
2005-12-05,505.0
2005-12-06,508.25
2005-12-07,512.3
2005-12-08,514.85
2005-12-09,524.75
2005-12-12,537.5
2005-12-13,522.8
2005-12-14,513.75
2005-12-15,502.4
2005-12-16,502.5
2005-12-19,507.45
2005-12-20,505.75
2005-12-21,494.5
2005-12-22,494.75
2005-12-23,503.6
2005-12-28,509.15
2005-12-29,517.0
2005-12-30,513.0
2006-01-03,520.75
2006-01-04,534.35
2006-01-05,531.6
2006-01-06,529.5
2006-01-09,541.0
2006-01-10,545.25
2006-01-11,542.25
2006-01-12,547.5
2006-01-13,547.25
2006-01-16,559.4
2006-01-17,558.05
2006-01-18,544.75
2006-01-19,547.7
2006-01-20,559.25
2006-01-23,558.5
2006-01-24,556.65
2006-01-25,562.25
2006-01-26,562.25
2006-01-27,559.75
2006-01-30,560.3
2006-01-31,569.8
2006-02-01,567.2
2006-02-02,571.85
2006-02-03,571.85
2006-02-06,570.0
2006-02-07,568.25
2006-02-08,548.65
2006-02-09,559.0
2006-02-10,558.75
2006-02-13,546.6
2006-02-14,540.5
2006-02-15,544.3
2006-02-16,540.65
2006-02-17,545.75
2006-02-20,556.0
2006-02-21,553.4
2006-02-22,551.75
2006-02-23,552.5
2006-02-24,550.75
2006-02-27,556.1
2006-02-28,556.5
2006-03-01,562.6
2006-03-02,563.75
2006-03-03,568.6
2006-03-06,568.0
2006-03-07,555.25
2006-03-08,548.6
2006-03-09,547.25
2006-03-10,545.4
2006-03-13,545.25
2006-03-14,545.25
2006-03-15,551.25
2006-03-16,553.25
2006-03-17,555.5
2006-03-20,554.25
2006-03-21,553.0
2006-03-22,548.5
2006-03-23,548.0
2006-03-24,549.75
2006-03-27,564.0
2006-03-28,563.75
2006-03-29,562.25
2006-03-30,578.5
2006-03-31,584.0
2006-04-03,585.5
2006-04-04,585.0
2006-04-05,583.85
2006-04-06,595.5
2006-04-07,597.0
2006-04-10,597.5
2006-04-11,599.5
2006-04-12,596.75
2006-04-13,597.0
2006-04-18,616.75
2006-04-19,623.75
2006-04-20,644.5
2006-04-21,623.5
2006-04-24,634.0
2006-04-25,627.75
2006-04-26,630.75
2006-04-27,636.5
2006-04-28,638.25
2006-05-02,657.75
2006-05-03,675.25
2006-05-04,664.65
2006-05-05,682.0
2006-05-08,682.0
2006-05-09,679.75
2006-05-10,704.3
2006-05-11,707.0
2006-05-12,725.75
2006-05-15,693.0
2006-05-16,681.0
2006-05-17,713.0
2006-05-18,688.0
2006-05-19,682.0
2006-05-22,645.5
2006-05-23,661.7
2006-05-24,667.5
2006-05-25,643.75
2006-05-26,652.0
2006-05-30,652.25
2006-05-31,654.0
2006-06-01,633.25
2006-06-02,630.8
2006-06-05,644.5
2006-06-06,634.6
2006-06-07,623.5
2006-06-08,619.0
2006-06-09,612.25
2006-06-12,607.75
2006-06-13,590.75
2006-06-14,567.25
2006-06-15,574.25
2006-06-16,581.5
2006-06-19,569.75
2006-06-20,571.0
2006-06-21,576.5
2006-06-22,594.4
2006-06-23,582.6
2006-06-26,586.25
2006-06-27,587.7
2006-06-28,584.0
2006-06-29,581.75
2006-06-30,600.4
2006-07-03,619.5
2006-07-04,620.9
2006-07-05,625.75
2006-07-06,623.75
2006-07-07,631.0
2006-07-10,624.5
2006-07-11,628.35
2006-07-12,642.0
2006-07-13,648.8
2006-07-14,660.4
2006-07-17,671.5
2006-07-18,647.5
2006-07-19,626.0
2006-07-20,642.9
2006-07-21,626.75
2006-07-24,616.4
2006-07-25,618.75
2006-07-26,617.75
2006-07-27,634.2
2006-07-28,631.25
2006-07-31,637.0
2006-08-01,635.5
2006-08-02,648.25
2006-08-03,646.25
2006-08-04,644.5
2006-08-07,647.25
2006-08-08,645.4
2006-08-09,640.5
2006-08-10,650.5
2006-08-11,641.55
2006-08-14,628.0
2006-08-15,624.75
2006-08-16,626.0
2006-08-17,630.75
2006-08-18,614.75
2006-08-21,621.5
2006-08-22,626.5
2006-08-23,623.5
2006-08-24,623.5
2006-08-25,622.0
2006-08-29,616.85
2006-08-30,614.7
2006-08-31,621.75
2006-09-01,624.0
2006-09-04,626.75
2006-09-05,629.75
2006-09-06,636.7
2006-09-07,634.0
2006-09-08,611.5
2006-09-11,597.1
2006-09-12,596.0
2006-09-13,581.5
2006-09-14,593.4
2006-09-15,578.6
2006-09-18,581.5
2006-09-19,582.5
2006-09-20,576.25
2006-09-21,580.5
2006-09-22,592.0
2006-09-25,589.5
2006-09-26,591.25
2006-09-27,595.1
2006-09-28,603.5
2006-09-29,601.75
2006-10-02,602.0
2006-10-03,593.0
2006-10-04,578.5
2006-10-05,568.25
2006-10-06,570.6
2006-10-09,578.25
2006-10-10,577.25
2006-10-11,574.0
2006-10-12,575.9
2006-10-13,577.9
2006-10-16,593.0
2006-10-17,594.9
2006-10-18,595.25
2006-10-19,589.75
2006-10-20,598.0
2006-10-23,588.5
2006-10-24,578.4
2006-10-25,581.6
2006-10-26,591.8
2006-10-27,593.75
2006-10-30,604.75
2006-10-31,600.9
2006-11-01,611.25
2006-11-02,615.75
2006-11-03,625.65
2006-11-06,625.75
2006-11-07,625.75
2006-11-08,625.5
2006-11-09,618.0
2006-11-10,632.25
2006-11-13,628.5
2006-11-14,623.4
2006-11-15,620.25
2006-11-16,624.5
2006-11-17,618.25
2006-11-20,624.0
2006-11-21,625.0
2006-11-22,627.75
2006-11-23,630.7
2006-11-24,636.0
2006-11-27,637.5
2006-11-28,637.75
2006-11-29,638.25
2006-11-30,638.4
2006-12-01,644.4
2006-12-04,644.8
2006-12-05,643.0
2006-12-06,636.75
2006-12-07,630.5
2006-12-08,630.9
2006-12-11,625.5
2006-12-12,629.5
2006-12-13,629.0
2006-12-14,628.75
2006-12-15,626.0
2006-12-18,617.5
2006-12-19,616.0
2006-12-20,623.4
2006-12-21,622.0
2006-12-22,619.75
2006-12-27,628.3
2006-12-28,629.0
2006-12-29,635.7
2007-01-02,640.75
2007-01-03,636.75
2007-01-04,625.25
2007-01-05,626.0
2007-01-08,608.3
2007-01-09,612.0
2007-01-10,610.75
2007-01-11,613.5
2007-01-12,614.1
2007-01-15,628.25
2007-01-16,625.6
2007-01-17,623.25
2007-01-18,632.8
2007-01-19,629.0
2007-01-22,635.1
2007-01-23,637.5
2007-01-24,643.0
2007-01-25,648.75
2007-01-26,645.7
2007-01-29,643.4
2007-01-30,642.25
2007-01-31,645.75
2007-02-01,652.55
2007-02-02,654.75
2007-02-05,648.0
2007-02-06,653.9
2007-02-07,655.25
2007-02-08,650.55
2007-02-09,657.85
2007-02-12,663.35
2007-02-13,664.75
2007-02-14,668.25
2007-02-15,670.0
2007-02-16,665.25
2007-02-19,670.5
2007-02-20,668.6
2007-02-21,658.6
2007-02-22,676.4
2007-02-23,677.5
2007-02-26,684.5
2007-02-27,684.5
2007-02-28,677.0
2007-03-01,673.6
2007-03-02,664.0
2007-03-05,638.6
2007-03-06,644.6
2007-03-07,646.35
2007-03-08,653.75
2007-03-09,653.85
2007-03-12,652.5
2007-03-13,650.5
2007-03-14,640.75
2007-03-15,646.1
2007-03-16,650.65
2007-03-19,654.5
2007-03-20,654.4
2007-03-21,660.5
2007-03-22,664.0
2007-03-23,662.15
2007-03-26,659.65
2007-03-27,665.15
2007-03-28,665.6
2007-03-29,664.9
2007-03-30,663.5
2007-04-02,663.3
2007-04-03,663.5
2007-04-04,665.9
2007-04-05,672.6
2007-04-10,676.85
2007-04-11,679.1
2007-04-12,678.5
2007-04-13,677.0
2007-04-16,687.25
2007-04-17,688.0
2007-04-18,690.4
2007-04-19,687.25
2007-04-20,687.6
2007-04-23,691.0
2007-04-24,689.7
2007-04-25,686.2
2007-04-26,685.5
2007-04-27,672.5
2007-04-30,678.0
2007-05-01,677.5
2007-05-02,673.25
2007-05-03,675.9
2007-05-04,680.8
2007-05-08,685.9
2007-05-09,686.5
2007-05-10,677.85
2007-05-11,667.85
2007-05-14,674.2
2007-05-15,667.0
2007-05-16,670.9
2007-05-17,663.2
2007-05-18,660.75
2007-05-21,662.4
2007-05-22,663.5
2007-05-23,659.2
2007-05-24,661.5
2007-05-25,655.0
2007-05-29,657.6
2007-05-30,657.1
2007-05-31,656.6
2007-06-01,662.5
2007-06-04,670.75
2007-06-05,671.3
2007-06-06,669.8
2007-06-07,670.85
2007-06-08,656.75
2007-06-11,652.75
2007-06-12,652.8
2007-06-13,644.1
2007-06-14,650.75
2007-06-15,650.6
2007-06-18,658.0
2007-06-19,655.1
2007-06-20,659.6
2007-06-21,654.5
2007-06-22,652.0
2007-06-25,651.25
2007-06-26,649.55
2007-06-27,642.85
2007-06-28,645.7
2007-06-29,648.5
2007-07-02,650.5
2007-07-03,657.25
2007-07-04,654.0
2007-07-05,655.9
2007-07-06,647.75
2007-07-09,657.0
2007-07-10,661.15
2007-07-11,664.0
2007-07-12,663.0
2007-07-13,667.5
2007-07-16,667.25
2007-07-17,663.15
2007-07-18,667.75
2007-07-19,673.0
2007-07-20,676.0
2007-07-23,683.5
2007-07-24,682.75
2007-07-25,677.25
2007-07-26,675.4
2007-07-27,663.5
2007-07-30,661.5
2007-07-31,666.75
2007-08-01,660.25
2007-08-02,665.35
2007-08-03,666.35
2007-08-06,674.15
2007-08-07,669.25
2007-08-08,670.4
2007-08-09,670.85
2007-08-10,664.5
2007-08-13,669.85
2007-08-14,667.35
2007-08-15,665.0
2007-08-16,664.15
2007-08-17,653.0
2007-08-20,658.5
2007-08-21,655.5
2007-08-22,657.15
2007-08-23,662.25
2007-08-24,659.75
2007-08-28,667.0
2007-08-29,664.75
2007-08-30,666.3
2007-08-31,668.0
2007-09-03,672.75
2007-09-04,673.5
2007-09-05,679.5
2007-09-06,683.5
2007-09-07,695.0
2007-09-10,704.0
2007-09-11,704.25
2007-09-12,711.75
2007-09-13,708.1
2007-09-14,706.75
2007-09-17,710.25
2007-09-18,717.7
2007-09-19,723.75
2007-09-20,727.75
2007-09-21,735.35
2007-09-24,733.25
2007-09-25,727.7
2007-09-26,730.55
2007-09-27,729.75
2007-09-28,737.75
2007-10-01,745.25
2007-10-02,735.75
2007-10-03,733.15
2007-10-04,726.75
2007-10-05,735.85
2007-10-08,736.5
2007-10-09,728.8
2007-10-10,740.5
2007-10-11,747.5
2007-10-12,748.5
2007-10-15,755.85
2007-10-16,761.75
2007-10-17,759.75
2007-10-18,758.35
2007-10-19,768.25
2007-10-22,755.6
2007-10-23,757.5
2007-10-24,757.35
2007-10-25,765.0
2007-10-26,775.6
2007-10-29,792.5
2007-10-30,784.0
2007-10-31,783.0
2007-11-01,792.0
2007-11-02,790.75
2007-11-05,802.5
2007-11-06,817.55
2007-11-07,841.75
2007-11-08,832.25
2007-11-09,836.0
2007-11-12,817.0
2007-11-13,803.4
2007-11-14,808.25
2007-11-15,806.0
2007-11-16,790.25
2007-11-19,788.5
2007-11-20,789.65
2007-11-21,796.25
2007-11-22,802.25
2007-11-23,810.5
2007-11-26,836.25
2007-11-27,823.25
2007-11-28,796.5
2007-11-29,807.25
2007-11-30,794.75
2007-12-03,783.75
2007-12-04,790.25
2007-12-05,801.75
2007-12-06,788.75
2007-12-07,799.75
2007-12-10,800.0
2007-12-11,806.75
2007-12-12,807.5
2007-12-13,809.0
2007-12-14,796.25
2007-12-17,787.0
2007-12-18,796.25
2007-12-19,801.5
2007-12-20,799.5
2007-12-21,803.0
2007-12-24,810.25
2007-12-27,822.5
2007-12-28,828.5
2007-12-31,836.5
2008-01-02,840.75
2008-01-03,865.35
2008-01-04,858.75
2008-01-07,857.5
2008-01-08,873.25
2008-01-09,887.85
2008-01-10,874.25
2008-01-11,893.75
2008-01-14,911.5
2008-01-15,904.75
2008-01-16,881.0
2008-01-17,881.5
2008-01-18,872.75
2008-01-21,874.25
2008-01-22,862.0
2008-01-23,887.8
2008-01-24,891.5
2008-01-25,921.25
2008-01-28,916.5
2008-01-29,927.5
2008-01-30,923.75
2008-01-31,923.75
2008-02-01,933.0
2008-02-04,899.5
2008-02-05,889.75
2008-02-06,892.0
2008-02-07,908.25
2008-02-08,914.0
2008-02-11,925.5
2008-02-12,920.25
2008-02-13,905.75
2008-02-14,910.85
2008-02-15,909.75
2008-02-18,905.0
2008-02-19,916.5
2008-02-20,924.85
2008-02-21,943.0
2008-02-22,945.75
2008-02-25,947.5
2008-02-26,934.0
2008-02-27,958.75
2008-02-28,957.0
2008-02-29,969.0
2008-03-03,978.25
2008-03-04,981.75
2008-03-05,966.25
2008-03-06,986.25
2008-03-07,978.5
2008-03-10,973.15
2008-03-11,980.5
2008-03-12,975.75
2008-03-13,988.25
2008-03-14,997.0
2008-03-17,1023.5
2008-03-18,1005.75
2008-03-19,995.25
2008-03-20,913.5
2008-03-25,930.65
2008-03-26,945.75
2008-03-27,948.25
2008-03-28,944.5
2008-03-31,937.25
2008-04-01,897.0
2008-04-02,893.5
2008-04-03,898.25
2008-04-04,905.25
2008-04-07,914.7
2008-04-08,921.0
2008-04-09,906.75
2008-04-10,934.25
2008-04-11,925.5
2008-04-14,917.75
2008-04-15,931.75
2008-04-16,932.75
2008-04-17,951.5
2008-04-18,942.25
2008-04-21,915.75
2008-04-22,920.75
2008-04-23,916.25
2008-04-24,900.75
2008-04-25,883.5
2008-04-28,892.25
2008-04-29,886.0
2008-04-30,867.75
2008-05-01,863.5
2008-05-02,854.25
2008-05-06,878.0
2008-05-07,874.0
2008-05-08,872.25
2008-05-09,887.25
2008-05-12,882.5
2008-05-13,877.0
2008-05-14,863.0
2008-05-15,866.25
2008-05-16,885.0
2008-05-19,908.75
2008-05-20,907.0
2008-05-21,925.0
2008-05-22,928.25
2008-05-23,922.25
2008-05-27,923.75
2008-05-28,892.0
2008-05-29,893.0
2008-05-30,879.5
2008-06-02,891.25
2008-06-03,895.5
2008-06-04,877.25
2008-06-05,873.0
2008-06-06,883.5
2008-06-09,904.25
2008-06-10,884.5
2008-06-11,874.25
2008-06-12,871.25
2008-06-13,864.0
2008-06-16,872.0
2008-06-17,883.0
2008-06-18,884.0
2008-06-19,893.25
2008-06-20,900.0
2008-06-23,905.25
2008-06-24,888.5
2008-06-25,887.25
2008-06-26,892.5
2008-06-27,923.0
2008-06-30,932.75
2008-07-01,929.5
2008-07-02,936.0
2008-07-03,939.75
2008-07-04,930.75
2008-07-07,921.0
2008-07-08,929.25
2008-07-09,923.25
2008-07-10,930.75
2008-07-11,949.0
2008-07-14,957.75
2008-07-15,981.75
2008-07-16,974.0
2008-07-17,964.5
2008-07-18,961.5
2008-07-21,966.25
2008-07-22,973.0
2008-07-23,934.75
2008-07-24,927.75
2008-07-25,932.25
2008-07-28,929.25
2008-07-29,928.75
2008-07-30,914.1
2008-07-31,912.0
2008-08-01,909.5
2008-08-04,910.0
2008-08-05,884.0
2008-08-06,884.75
2008-08-07,882.5
2008-08-08,864.5
2008-08-11,863.75
2008-08-12,808.75
2008-08-13,824.0
2008-08-14,833.25
2008-08-15,784.75
2008-08-18,797.5
2008-08-19,791.0
2008-08-20,806.75
2008-08-21,821.0
2008-08-22,830.0
2008-08-26,809.75
2008-08-27,833.5
2008-08-28,832.0
2008-08-29,836.5
2008-09-01,832.0
2008-09-02,802.5
2008-09-03,794.5
2008-09-04,810.5
2008-09-05,796.25
2008-09-08,806.5
2008-09-09,799.75
2008-09-10,774.25
2008-09-11,742.75
2008-09-12,757.5
2008-09-15,779.25
2008-09-16,779.75
2008-09-17,785.5
2008-09-18,864.25
2008-09-19,837.5
2008-09-22,873.0
2008-09-23,892.5
2008-09-24,888.5
2008-09-25,889.0
2008-09-26,869.0
2008-09-29,876.5
2008-09-30,897.0
2008-10-01,876.0
2008-10-02,866.25
2008-10-03,842.5
2008-10-06,836.5
2008-10-07,881.75
2008-10-08,913.0
2008-10-09,886.75
2008-10-10,918.0
2008-10-13,865.0
2008-10-14,849.5
2008-10-15,848.5
2008-10-16,834.5
2008-10-17,801.0
2008-10-20,803.0
2008-10-21,781.0
2008-10-22,757.5
2008-10-23,726.0
2008-10-24,692.5
2008-10-27,720.5
2008-10-28,745.0
2008-10-29,749.25
2008-10-30,772.25
2008-10-31,728.5
2008-11-03,734.0
2008-11-04,734.0
2008-11-05,753.25
2008-11-06,739.0
2008-11-07,742.0
2008-11-10,751.75
2008-11-11,741.75
2008-11-12,731.5
2008-11-13,714.0
2008-11-14,729.5
2008-11-17,745.0
2008-11-18,736.5
2008-11-19,737.75
2008-11-20,745.25
2008-11-21,758.5
2008-11-24,816.75
2008-11-25,802.5
2008-11-26,817.0
2008-11-27,813.5
2008-11-28,813.5
2008-12-01,795.5
2008-12-02,772.5
2008-12-03,773.5
2008-12-04,772.75
2008-12-05,771.75
2008-12-08,772.25
2008-12-09,771.0
2008-12-10,785.75
2008-12-11,821.0
2008-12-12,813.75
2008-12-15,827.5
2008-12-16,833.5
2008-12-17,853.75
2008-12-18,872.5
2008-12-19,839.0
2008-12-22,846.0
2008-12-23,844.0
2008-12-24,836.75
2008-12-29,881.0
2008-12-30,870.0
2008-12-31,865.0
2009-01-02,869.75
2009-01-05,860.0
2009-01-06,844.0
2009-01-07,864.0
2009-01-08,842.5
2009-01-09,854.0
2009-01-12,848.5
2009-01-13,815.5
2009-01-14,827.25
2009-01-15,813.0
2009-01-16,824.25
2009-01-19,842.5
2009-01-20,835.0
2009-01-21,860.5
2009-01-22,847.75
2009-01-23,873.0
2009-01-26,906.5
2009-01-27,896.0
2009-01-28,891.25
2009-01-29,878.5
2009-01-30,918.5
2009-02-02,913.75
2009-02-03,902.0
2009-02-04,902.25
2009-02-05,914.75
2009-02-06,914.0
2009-02-09,901.0
2009-02-10,896.0
2009-02-11,922.0
2009-02-12,944.0
2009-02-13,939.25
2009-02-16,943.0
2009-02-17,962.25
2009-02-18,964.75
2009-02-19,973.5
2009-02-20,981.0
2009-02-23,987.0
2009-02-24,989.75
2009-02-25,956.25
2009-02-26,945.0
2009-02-27,943.75
2009-03-02,949.5
2009-03-03,924.75
2009-03-04,911.0
2009-03-05,913.25
2009-03-06,937.75
2009-03-09,934.75
2009-03-10,911.5
2009-03-11,900.0
2009-03-12,914.5
2009-03-13,920.0
2009-03-16,923.0
2009-03-17,920.0
2009-03-18,910.75
2009-03-19,937.25
2009-03-20,957.0
2009-03-23,952.75
2009-03-24,928.75
2009-03-25,921.25
2009-03-26,935.5
2009-03-27,927.0
2009-03-30,923.0
2009-03-31,918.5
2009-04-01,919.5
2009-04-02,914.75
2009-04-03,901.5
2009-04-06,879.5
2009-04-07,879.25
2009-04-08,887.25
2009-04-09,883.75
2009-04-14,895.0
2009-04-15,892.25
2009-04-16,889.0
2009-04-17,872.0
2009-04-20,870.0
2009-04-21,888.75
2009-04-22,885.0
2009-04-23,894.5
2009-04-24,909.0
2009-04-27,911.75
2009-04-28,897.0
2009-04-29,894.5
2009-04-30,889.0
2009-05-01,881.5
2009-05-05,903.0
2009-05-06,903.5
2009-05-07,912.75
2009-05-08,917.5
2009-05-11,912.5
2009-05-12,920.0
2009-05-13,925.75
2009-05-14,923.25
2009-05-15,925.0
2009-05-18,929.75
2009-05-19,921.5
2009-05-20,928.5
2009-05-21,940.0
2009-05-22,952.5
2009-05-26,942.0
2009-05-27,949.5
2009-05-28,949.75
2009-05-29,972.0
2009-06-01,987.0
2009-06-02,973.5
2009-06-03,979.0
2009-06-04,967.25
2009-06-05,977.75
2009-06-08,946.5
2009-06-09,952.5
2009-06-10,961.25
2009-06-11,953.0
2009-06-12,950.0
2009-06-15,932.0
2009-06-16,936.75
2009-06-17,933.75
2009-06-18,936.75
2009-06-19,933.75
2009-06-22,924.0
2009-06-23,920.25
2009-06-24,928.75
2009-06-25,934.25
2009-06-26,943.0
2009-06-29,939.75
2009-06-30,941.0
2009-07-01,931.5
2009-07-02,936.0
2009-07-03,932.5
2009-07-06,921.5
2009-07-07,925.75
2009-07-08,920.75
2009-07-09,914.75
2009-07-10,910.0
2009-07-13,908.5
2009-07-14,921.75
2009-07-15,930.0
2009-07-16,935.25
2009-07-17,934.5
2009-07-20,952.25
2009-07-21,947.75
2009-07-22,945.5
2009-07-23,955.25
2009-07-24,949.75
2009-07-27,956.0
2009-07-28,955.0
2009-07-29,935.5
2009-07-30,932.0
2009-07-31,936.5
2009-08-03,954.25
2009-08-04,953.5
2009-08-05,964.5
2009-08-06,960.75
2009-08-07,960.5
2009-08-10,953.5
2009-08-11,946.0
2009-08-12,943.5
2009-08-13,956.0
2009-08-14,957.5
2009-08-17,937.5
2009-08-18,938.25
2009-08-19,934.25
2009-08-20,943.5
2009-08-21,941.5
2009-08-24,953.75
2009-08-25,947.5
2009-08-26,949.5
2009-08-27,943.5
2009-08-28,950.75
2009-09-01,949.75
2009-09-02,955.0
2009-09-03,982.5
2009-09-04,987.25
2009-09-07,992.75
2009-09-08,1004.5
2009-09-09,995.75
2009-09-10,988.5
2009-09-11,998.25
2009-09-14,994.25
2009-09-15,997.5
2009-09-16,1017.0
2009-09-17,1020.5
2009-09-18,1014.0
2009-09-21,999.25
2009-09-22,1015.75
2009-09-23,1014.75
2009-09-24,1014.0
2009-09-25,997.0
2009-09-28,990.5
2009-09-29,991.75
2009-09-30,1001.25
2009-10-01,1005.75
2009-10-02,998.0
2009-10-05,1004.25
2009-10-06,1020.25
2009-10-07,1047.0
2009-10-08,1054.75
2009-10-09,1046.75
2009-10-12,1052.0
2009-10-13,1064.5
2009-10-14,1066.0
2009-10-15,1052.5
2009-10-16,1047.75
2009-10-19,1054.5
2009-10-20,1064.0
2009-10-21,1053.5
2009-10-22,1054.75
2009-10-23,1061.25
2009-10-26,1055.0
2009-10-27,1040.75
2009-10-28,1035.5
2009-10-29,1034.0
2009-10-30,1044.5
2009-11-02,1052.0
2009-11-03,1058.0
2009-11-04,1091.75
2009-11-05,1088.0
2009-11-06,1095.0
2009-11-09,1108.5
2009-11-10,1099.75
2009-11-11,1114.75
2009-11-12,1116.0
2009-11-13,1107.5
2009-11-16,1128.75
2009-11-17,1131.75
2009-11-18,1146.0
2009-11-19,1136.0
2009-11-20,1142.5
2009-11-23,1166.0
2009-11-24,1170.25
2009-11-25,1176.5
2009-11-26,1183.0
2009-11-27,1164.5
2009-11-30,1172.0
2009-12-01,1193.5
2009-12-02,1211.5
2009-12-03,1218.25
2009-12-04,1203.25
2009-12-07,1147.5
2009-12-08,1164.25
2009-12-09,1142.25
2009-12-10,1125.75
2009-12-11,1140.0
2009-12-14,1120.0
2009-12-15,1115.0
2009-12-16,1134.0
2009-12-17,1121.5
2009-12-18,1106.5
2009-12-21,1113.25
2009-12-22,1094.25
2009-12-23,1080.5
2009-12-24,1104.5
2009-12-29,1103.0
2009-12-30,1092.5
2009-12-31,1104.0
2010-01-04,1113.0
2010-01-05,1125.25
2010-01-06,1125.0
2010-01-07,1130.75
2010-01-08,1121.75
2010-01-11,1158.0
2010-01-12,1152.75
2010-01-13,1132.75
2010-01-14,1137.5
2010-01-15,1132.0
2010-01-18,1135.75
2010-01-19,1134.0
2010-01-20,1129.0
2010-01-21,1104.0
2010-01-22,1096.5
2010-01-25,1103.5
2010-01-26,1090.75
2010-01-27,1094.75
2010-01-28,1091.75
2010-01-29,1082.75
2010-02-01,1082.0
2010-02-02,1114.0
2010-02-03,1118.5
2010-02-04,1102.5
2010-02-05,1052.25
2010-02-08,1070.0
2010-02-09,1068.0
2010-02-10,1075.5
2010-02-11,1079.5
2010-02-12,1078.25
2010-02-15,1099.5
2010-02-16,1115.25
2010-02-17,1118.25
2010-02-18,1105.5
2010-02-19,1107.0
2010-02-22,1119.75
2010-02-23,1112.0
2010-02-24,1093.0
2010-02-25,1092.75
2010-02-26,1112.5
2010-03-01,1117.25
2010-03-02,1116.0
2010-03-03,1136.25
2010-03-04,1136.25
2010-03-05,1135.0
2010-03-08,1134.0
2010-03-09,1120.0
2010-03-10,1124.5
2010-03-11,1106.0
2010-03-12,1118.75
2010-03-15,1104.0
2010-03-16,1113.25
2010-03-17,1131.25
2010-03-18,1122.75
2010-03-19,1121.5
2010-03-22,1104.25
2010-03-23,1100.75
2010-03-24,1094.0
2010-03-25,1093.5
2010-03-26,1098.0
2010-03-29,1111.25
2010-03-30,1109.75
2010-03-31,1109.5
2010-04-01,1116.0
2010-04-06,1124.0
2010-04-07,1133.25
2010-04-08,1146.5
2010-04-09,1156.0
2010-04-12,1163.5
2010-04-13,1149.25
2010-04-14,1159.0
2010-04-15,1151.25
2010-04-16,1157.0
2010-04-19,1127.5
2010-04-20,1142.5
2010-04-21,1143.75
2010-04-22,1144.25
2010-04-23,1140.0
2010-04-26,1154.0
2010-04-27,1152.25
2010-04-28,1164.25
2010-04-29,1170.0
2010-04-30,1175.25
2010-05-04,1184.25
2010-05-05,1172.0
2010-05-06,1178.0
2010-05-07,1199.6
2010-05-10,1188.25
2010-05-11,1209.0
2010-05-12,1241.25
2010-05-13,1235.0
2010-05-14,1238.75
2010-05-17,1230.25
2010-05-18,1215.0
2010-05-19,1209.5
2010-05-20,1187.25
2010-05-21,1183.5
2010-05-24,1183.75
2010-05-25,1189.5
2010-05-26,1212.5
2010-05-27,1210.75
2010-05-28,1214.0
2010-06-01,1219.75
2010-06-02,1221.0
2010-06-03,1219.75
2010-06-04,1203.5
2010-06-07,1212.4
2010-06-08,1248.0
2010-06-09,1235.0
2010-06-10,1220.0
2010-06-11,1220.5
2010-06-14,1229.5
2010-06-15,1223.0
2010-06-16,1235.5
2010-06-17,1234.5
2010-06-18,1244.0
2010-06-21,1259.5
2010-06-22,1235.25
2010-06-23,1243.0
2010-06-24,1233.25
2010-06-25,1242.5
2010-06-28,1256.0
2010-06-29,1236.0
2010-06-30,1240.5
2010-07-01,1240.0
2010-07-02,1210.5
2010-07-05,1208.5
2010-07-06,1210.75
2010-07-07,1186.0
2010-07-08,1201.25
2010-07-09,1196.25
2010-07-12,1203.75
2010-07-13,1206.5
2010-07-14,1212.25
2010-07-15,1211.75
2010-07-16,1204.75
2010-07-19,1190.25
2010-07-20,1181.5
2010-07-21,1191.25
2010-07-22,1187.0
2010-07-23,1198.75
2010-07-26,1189.0
2010-07-27,1184.0
2010-07-28,1164.0
2010-07-29,1166.0
2010-07-30,1168.0
2010-08-02,1178.0
2010-08-03,1184.0
2010-08-04,1194.5
2010-08-05,1195.5
2010-08-06,1194.5
2010-08-09,1206.0
2010-08-10,1196.75
2010-08-11,1198.0
2010-08-12,1200.0
2010-08-13,1215.0
2010-08-16,1222.0
2010-08-17,1226.25
2010-08-18,1223.0
2010-08-19,1228.0
2010-08-20,1230.5
2010-08-23,1227.0
2010-08-24,1218.0
2010-08-25,1237.5
2010-08-26,1240.25
2010-08-27,1234.5
2010-08-31,1233.5
2010-09-01,1250.0
2010-09-02,1247.75
2010-09-03,1252.0
2010-09-06,1249.5
2010-09-07,1247.25
2010-09-08,1258.0
2010-09-09,1253.5
2010-09-10,1248.75
2010-09-13,1243.0
2010-09-14,1253.25
2010-09-15,1270.4
2010-09-16,1271.25
2010-09-17,1281.5
2010-09-20,1280.25
2010-09-21,1278.75
2010-09-22,1291.75
2010-09-23,1291.5
2010-09-24,1298.0
2010-09-27,1298.25
2010-09-28,1289.0
2010-09-29,1307.5
2010-09-30,1311.0
2010-10-01,1313.0
2010-10-04,1316.0
2010-10-05,1325.75
2010-10-06,1347.0
2010-10-07,1359.5
2010-10-08,1330.5
2010-10-11,1348.5
2010-10-12,1343.5
2010-10-13,1358.5
2010-10-14,1380.75
2010-10-15,1377.25
2010-10-18,1359.75
2010-10-19,1367.75
2010-10-20,1340.5
2010-10-21,1345.25
2010-10-22,1319.0
2010-10-25,1345.0
2010-10-26,1334.0
2010-10-27,1332.25
2010-10-28,1326.5
2010-10-29,1336.75
2010-11-01,1361.5
2010-11-02,1358.0
2010-11-03,1358.5
2010-11-04,1361.0
2010-11-05,1384.25
2010-11-08,1390.0
2010-11-09,1416.25
2010-11-10,1402.0
2010-11-11,1413.0
2010-11-12,1387.0
2010-11-15,1367.0
2010-11-16,1363.25
2010-11-17,1336.5
2010-11-18,1356.75
2010-11-19,1357.5
2010-11-22,1357.5
2010-11-23,1361.0
2010-11-24,1376.25
2010-11-25,1370.5
2010-11-26,1366.5
2010-11-29,1360.0
2010-11-30,1375.0
2010-12-01,1391.5
2010-12-02,1390.0
2010-12-03,1391.75
2010-12-06,1411.5
2010-12-07,1426.0
2010-12-08,1395.0
2010-12-09,1382.0
2010-12-10,1390.0
2010-12-13,1388.25
2010-12-14,1405.0
2010-12-15,1388.25
2010-12-16,1384.0
2010-12-17,1374.75
2010-12-20,1381.0
2010-12-21,1386.0
2010-12-22,1389.0
2010-12-23,1384.0
2010-12-24,1380.5
2010-12-29,1403.5
2010-12-30,1411.5
2010-12-31,1410.25
2011-01-04,1405.5
2011-01-05,1382.75
2011-01-06,1376.0
2011-01-07,1358.0
2011-01-10,1368.25
2011-01-11,1381.0
2011-01-12,1383.5
2011-01-13,1380.75
2011-01-14,1369.25
2011-01-17,1357.5
2011-01-18,1368.75
2011-01-19,1373.75
2011-01-20,1364.5
2011-01-21,1344.0
2011-01-24,1347.5
2011-01-25,1326.0
2011-01-26,1335.5
2011-01-27,1337.5
2011-01-28,1316.0
2011-01-31,1333.5
2011-02-01,1337.5
2011-02-02,1337.0
2011-02-03,1332.5
2011-02-04,1347.5
2011-02-07,1347.0
2011-02-08,1354.0
2011-02-09,1362.5
2011-02-10,1358.75
2011-02-11,1359.0
2011-02-14,1356.75
2011-02-15,1372.25
2011-02-16,1374.5
2011-02-17,1377.0
2011-02-18,1385.5
2011-02-21,1399.5
2011-02-22,1394.5
2011-02-23,1401.25
2011-02-24,1414.5
2011-02-25,1405.0
2011-02-28,1409.75
2011-03-01,1414.5
2011-03-02,1430.5
2011-03-03,1430.5
2011-03-04,1418.0
2011-03-07,1437.0
2011-03-08,1435.0
2011-03-09,1431.5
2011-03-10,1424.25
2011-03-11,1409.75
2011-03-14,1424.5
2011-03-15,1407.0
2011-03-16,1398.5
2011-03-17,1403.5
2011-03-18,1415.5
2011-03-21,1427.75
2011-03-22,1425.5
2011-03-23,1433.0
2011-03-24,1441.25
2011-03-25,1434.0
2011-03-28,1420.0
2011-03-29,1414.0
2011-03-30,1419.0
2011-03-31,1431.0
2011-04-01,1434.5
2011-04-04,1432.5
2011-04-05,1434.5
2011-04-06,1457.0
2011-04-07,1456.5
2011-04-08,1470.5
2011-04-11,1469.5
2011-04-12,1461.25
2011-04-13,1458.0
2011-04-14,1457.5
2011-04-15,1472.5
2011-04-18,1484.5
2011-04-19,1495.0
2011-04-20,1505.0
2011-04-21,1507.0
2011-04-26,1505.0
2011-04-27,1508.0
2011-04-28,1531.0
2011-05-03,1546.5
2011-05-04,1536.0
2011-05-05,1514.5
2011-05-06,1487.75
2011-05-09,1505.0
2011-05-10,1517.25
2011-05-11,1524.5
2011-05-12,1488.25
2011-05-13,1511.0
2011-05-16,1495.0
2011-05-17,1495.5
2011-05-18,1491.25
2011-05-19,1488.75
2011-05-20,1502.75
2011-05-23,1508.5
2011-05-24,1520.75
2011-05-25,1527.0
2011-05-26,1521.5
2011-05-27,1525.0
2011-05-31,1537.0
2011-06-01,1532.25
2011-06-02,1540.75
2011-06-03,1531.0
2011-06-06,1542.75
2011-06-07,1548.4
2011-06-08,1535.5
2011-06-09,1534.0
2011-06-10,1541.0
2011-06-13,1524.7
2011-06-14,1519.0
2011-06-15,1517.75
2011-06-16,1525.0
2011-06-17,1526.25
2011-06-20,1537.0
2011-06-21,1543.0
2011-06-22,1546.0
2011-06-23,1541.5
2011-06-24,1521.0
2011-06-27,1501.0
2011-06-28,1502.5
2011-06-29,1506.0
2011-06-30,1508.0
2011-07-01,1492.75
2011-07-04,1495.25
2011-07-05,1498.75
2011-07-06,1515.8
2011-07-07,1526.25
2011-07-08,1526.0
2011-07-11,1543.5
2011-07-12,1544.5
2011-07-13,1571.5
2011-07-14,1592.5
2011-07-15,1578.5
2011-07-18,1598.25
2011-07-19,1602.0
2011-07-20,1584.25
2011-07-21,1600.5
2011-07-22,1588.0
2011-07-25,1618.5
2011-07-26,1610.0
2011-07-27,1621.0
2011-07-28,1617.5
2011-07-29,1613.75
2011-08-01,1613.5
2011-08-02,1624.0
2011-08-03,1667.5
2011-08-04,1664.25
2011-08-05,1665.0
2011-08-08,1709.75
2011-08-09,1770.0
2011-08-10,1753.75
2011-08-11,1786.0
2011-08-12,1755.0
2011-08-15,1738.0
2011-08-16,1779.0
2011-08-17,1792.0
2011-08-18,1794.5
2011-08-19,1862.0
2011-08-22,1877.75
2011-08-23,1886.5
2011-08-24,1850.0
2011-08-25,1716.5
2011-08-26,1787.0
2011-08-30,1791.0
2011-08-31,1826.0
2011-09-01,1815.5
2011-09-02,1854.0
2011-09-05,1896.5
2011-09-06,1891.0
2011-09-07,1844.0
2011-09-08,1827.0
2011-09-09,1879.5
2011-09-12,1843.0
2011-09-13,1806.0
2011-09-14,1829.0
2011-09-15,1806.0
2011-09-16,1778.0
2011-09-19,1817.0
2011-09-20,1792.0
2011-09-21,1810.25
2011-09-22,1765.5
2011-09-23,1730.0
2011-09-26,1615.0
2011-09-27,1671.0
2011-09-28,1655.0
2011-09-29,1620.0
2011-09-30,1629.0
2011-10-03,1660.0
2011-10-04,1672.0
2011-10-05,1600.0
2011-10-06,1649.5
2011-10-07,1651.0
2011-10-10,1664.0
2011-10-11,1662.0
2011-10-12,1687.0
2011-10-13,1673.0
2011-10-14,1676.0
2011-10-17,1689.0
2011-10-18,1658.0
2011-10-19,1651.0
2011-10-20,1629.0
2011-10-21,1623.0
2011-10-24,1651.0
2011-10-25,1656.25
2011-10-26,1713.0
2011-10-27,1708.0
2011-10-28,1735.0
2011-10-31,1718.0
2011-11-01,1702.0
2011-11-02,1731.0
2011-11-03,1732.5
2011-11-04,1756.0
2011-11-07,1764.0
2011-11-08,1794.0
2011-11-09,1780.0
2011-11-10,1766.0
2011-11-11,1764.0
2011-11-14,1780.5
2011-11-15,1765.0
2011-11-16,1773.0
2011-11-17,1756.0
2011-11-18,1730.0
2011-11-21,1704.0
2011-11-22,1697.5
2011-11-23,1686.0
2011-11-24,1699.0
2011-11-25,1676.0
2011-11-28,1714.0
2011-11-29,1717.0
2011-11-30,1704.0
2011-12-01,1750.0
2011-12-02,1751.0
2011-12-05,1744.0
2011-12-06,1720.0
2011-12-07,1731.0
2011-12-08,1739.0
2011-12-09,1712.0
2011-12-12,1680.0
2011-12-13,1665.0
2011-12-14,1635.0
2011-12-15,1590.0
2011-12-16,1589.5
2011-12-19,1593.0
2011-12-20,1605.0
2011-12-21,1637.5
2011-12-22,1609.0
2011-12-23,1607.5
2011-12-28,1584.0
2011-12-29,1537.5
2011-12-30,1574.5
2012-01-03,1590.0
2012-01-04,1603.0
2012-01-05,1614.5
2012-01-06,1621.0
2012-01-09,1618.0
2012-01-10,1627.0
2012-01-11,1641.0
2012-01-12,1652.5
2012-01-13,1642.0
2012-01-16,1643.5
2012-01-17,1662.0
2012-01-18,1657.0
2012-01-19,1664.0
2012-01-20,1646.0
2012-01-23,1675.0
2012-01-24,1669.0
2012-01-25,1659.0
2012-01-26,1713.0
2012-01-27,1722.0
2012-01-30,1720.5
2012-01-31,1738.0
2012-02-01,1744.0
2012-02-02,1747.5
2012-02-03,1759.5
2012-02-06,1717.0
2012-02-07,1720.0
2012-02-08,1743.0
2012-02-09,1733.0
2012-02-10,1715.5
2012-02-13,1727.0
2012-02-14,1721.0
2012-02-15,1725.5
2012-02-16,1716.0
2012-02-17,1732.0
2012-02-20,1729.5
2012-02-21,1737.0
2012-02-22,1754.75
2012-02-23,1776.5
2012-02-24,1778.5
2012-02-27,1765.0
2012-02-28,1774.75
2012-02-29,1788.0
2012-03-01,1721.0
2012-03-02,1714.5
2012-03-05,1698.0
2012-03-06,1685.5
2012-03-07,1682.5
2012-03-08,1701.5
2012-03-09,1699.5
2012-03-12,1705.25
2012-03-13,1694.75
2012-03-14,1662.0
2012-03-15,1646.75
2012-03-16,1649.0
2012-03-19,1654.0
2012-03-20,1648.5
2012-03-21,1656.0
2012-03-22,1636.0
2012-03-23,1651.0
2012-03-26,1658.0
2012-03-27,1694.0
2012-03-28,1677.0
2012-03-29,1655.75
2012-03-30,1660.75
2012-04-02,1664.0
2012-04-03,1674.75
2012-04-04,1631.75
2012-04-05,1622.5
2012-04-10,1643.75
2012-04-11,1654.0
2012-04-12,1655.5
2012-04-13,1670.5
2012-04-16,1648.25
2012-04-17,1652.0
2012-04-18,1646.5
2012-04-19,1642.0
2012-04-20,1640.0
2012-04-23,1632.0
2012-04-24,1638.75
2012-04-25,1641.25
2012-04-26,1648.25
2012-04-27,1654.0
2012-04-30,1662.5
2012-05-01,1661.25
2012-05-02,1652.5
2012-05-03,1642.5
2012-05-04,1629.5
2012-05-08,1627.0
2012-05-09,1585.5
2012-05-10,1590.0
2012-05-11,1580.75
2012-05-14,1563.0
2012-05-15,1559.0
2012-05-16,1537.5
2012-05-17,1547.0
2012-05-18,1588.0
2012-05-21,1590.25
2012-05-22,1575.75
2012-05-23,1555.0
2012-05-24,1558.5
2012-05-25,1560.5
2012-05-28,1579.0
2012-05-29,1573.75
2012-05-30,1548.75
2012-05-31,1567.5
2012-06-01,1552.5
2012-06-06,1633.25
2012-06-07,1620.75
2012-06-08,1576.0
2012-06-11,1593.0
2012-06-12,1589.25
2012-06-13,1612.75
2012-06-14,1619.0
2012-06-15,1622.25
2012-06-18,1623.5
2012-06-19,1628.5
2012-06-20,1618.75
2012-06-21,1600.0
2012-06-22,1570.5
2012-06-25,1569.0
2012-06-26,1583.25
2012-06-27,1567.5
2012-06-28,1567.75
2012-06-29,1569.5
2012-07-02,1596.25
2012-07-03,1608.5
2012-07-04,1617.0
2012-07-05,1616.75
2012-07-06,1591.75
2012-07-09,1581.0
2012-07-10,1594.5
2012-07-11,1576.5
2012-07-12,1565.5
2012-07-13,1579.0
2012-07-16,1584.0
2012-07-17,1595.0
2012-07-18,1579.5
2012-07-19,1580.0
2012-07-20,1583.0
2012-07-23,1571.5
2012-07-24,1573.0
2012-07-25,1587.5
2012-07-26,1603.0
2012-07-27,1618.75
2012-07-30,1616.5
2012-07-31,1622.75
2012-08-01,1614.75
2012-08-02,1604.5
2012-08-03,1595.0
2012-08-06,1606.75
2012-08-07,1613.0
2012-08-08,1607.0
2012-08-09,1612.75
2012-08-10,1608.5
2012-08-13,1622.25
2012-08-14,1614.5
2012-08-15,1594.75
2012-08-16,1603.5
2012-08-17,1616.5
2012-08-20,1615.25
2012-08-21,1624.0
2012-08-22,1640.5
2012-08-23,1662.5
2012-08-24,1666.5
2012-08-28,1663.5
2012-08-29,1664.25
2012-08-30,1657.0
2012-08-31,1657.75
2012-09-03,1686.0
2012-09-04,1691.5
2012-09-05,1689.5
2012-09-06,1708.5
2012-09-07,1696.0
2012-09-10,1732.75
2012-09-11,1731.0
2012-09-12,1742.75
2012-09-13,1730.5
2012-09-14,1772.5
2012-09-17,1767.25
2012-09-18,1756.75
2012-09-19,1774.5
2012-09-20,1760.0
2012-09-21,1773.75
2012-09-24,1758.5
2012-09-25,1766.75
2012-09-26,1763.75
2012-09-27,1755.25
2012-09-28,1781.0
2012-10-01,1770.5
2012-10-02,1778.5
2012-10-03,1777.25
2012-10-04,1786.5
2012-10-05,1790.0
2012-10-08,1769.0
2012-10-09,1770.75
2012-10-10,1763.0
2012-10-11,1767.25
2012-10-12,1767.0
2012-10-15,1747.25
2012-10-16,1737.5
2012-10-17,1747.75
2012-10-18,1748.0
2012-10-19,1732.75
2012-10-22,1725.0
2012-10-23,1717.0
2012-10-24,1708.5
2012-10-25,1715.0
2012-10-26,1704.0
2012-10-29,1712.0
2012-10-30,1713.5
2012-10-31,1718.0
2012-11-01,1723.25
2012-11-02,1708.25
2012-11-05,1679.0
2012-11-06,1691.75
2012-11-07,1730.5
2012-11-08,1715.0
2012-11-09,1732.75
2012-11-12,1735.75
2012-11-13,1724.75
2012-11-14,1724.5
2012-11-15,1723.5
2012-11-16,1710.0
2012-11-19,1723.25
2012-11-20,1734.0
2012-11-21,1726.75
2012-11-22,1729.75
2012-11-23,1734.75
2012-11-26,1747.25
2012-11-27,1747.25
2012-11-28,1741.0
2012-11-29,1724.5
2012-11-30,1728.25
2012-12-03,1718.0
2012-12-04,1706.75
2012-12-05,1703.0
2012-12-06,1693.0
2012-12-07,1697.0
2012-12-10,1708.5
2012-12-11,1709.75
2012-12-12,1712.5
2012-12-13,1694.75
2012-12-14,1696.5
2012-12-17,1690.0
2012-12-18,1699.5
2012-12-19,1674.5
2012-12-20,1667.0
2012-12-21,1648.25
2012-12-24,1662.5
2012-12-27,1655.25
2012-12-28,1658.75
2012-12-31,1664.0
2013-01-02,1681.5
2013-01-03,1684.5
2013-01-04,1632.25
2013-01-07,1653.75
2013-01-08,1653.75
2013-01-09,1663.5
2013-01-10,1663.0
2013-01-11,1669.5
2013-01-14,1667.75
2013-01-15,1681.0
2013-01-16,1679.75
2013-01-17,1683.25
2013-01-18,1690.0
2013-01-21,1688.0
2013-01-22,1692.5
2013-01-23,1692.25
2013-01-24,1677.0
2013-01-25,1670.25
2013-01-28,1656.75
2013-01-29,1660.5
2013-01-30,1666.25
2013-01-31,1674.5
2013-02-01,1665.0
2013-02-04,1664.25
2013-02-05,1678.0
2013-02-06,1670.0
2013-02-07,1675.75
2013-02-08,1669.75
2013-02-11,1663.5
2013-02-12,1641.75
2013-02-13,1648.0
2013-02-14,1644.0
2013-02-15,1629.25
2013-02-18,1611.25
2013-02-19,1613.5
2013-02-20,1602.0
2013-02-21,1568.5
2013-02-22,1580.0
2013-02-25,1592.5
2013-02-26,1597.25
2013-02-27,1608.5
2013-02-28,1591.0
2013-03-01,1570.0
2013-03-04,1578.0
2013-03-05,1584.25
2013-03-06,1574.0
2013-03-07,1580.5
2013-03-08,1577.0
2013-03-11,1577.5
2013-03-12,1582.5
2013-03-13,1591.5
2013-03-14,1585.0
2013-03-15,1593.25
2013-03-18,1599.5
2013-03-19,1602.5
2013-03-20,1611.5
2013-03-21,1608.75
2013-03-22,1611.5
2013-03-25,1602.25
2013-03-26,1597.25
2013-03-27,1591.0
2013-03-28,1602.5
2013-04-02,1597.75
2013-04-03,1568.5
2013-04-04,1545.25
2013-04-05,1552.75
2013-04-08,1577.25
2013-04-09,1572.5
2013-04-10,1581.5
2013-04-11,1555.75
2013-04-12,1548.0
2013-04-15,1416.0
2013-04-16,1378.0
2013-04-17,1379.0
2013-04-18,1397.0
2013-04-19,1414.0
2013-04-22,1425.0
2013-04-23,1417.25
2013-04-24,1424.5
2013-04-25,1446.5
2013-04-26,1462.25
2013-04-29,1472.5
2013-04-30,1472.75
2013-05-01,1469.5
2013-05-02,1456.0
2013-05-03,1476.5
2013-05-07,1463.0
2013-05-08,1454.0
2013-05-09,1469.5
2013-05-10,1449.25
2013-05-13,1429.75
2013-05-14,1436.5
2013-05-15,1412.25
2013-05-16,1377.0
2013-05-17,1376.75
2013-05-20,1353.75
2013-05-21,1378.75
2013-05-22,1385.25
2013-05-23,1386.0
2013-05-24,1385.25
2013-05-28,1379.0
2013-05-29,1384.5
2013-05-30,1406.25
2013-05-31,1410.25
2013-06-03,1396.75
2013-06-04,1405.25
2013-06-05,1396.5
2013-06-06,1399.5
2013-06-07,1410.0
2013-06-10,1376.75
2013-06-11,1369.5
2013-06-12,1377.25
2013-06-13,1386.25
2013-06-14,1379.75
2013-06-17,1386.0
2013-06-18,1378.5
2013-06-19,1366.0
2013-06-20,1303.25
2013-06-21,1290.25
2013-06-24,1283.25
2013-06-25,1285.0
2013-06-26,1229.0
2013-06-27,1232.0
2013-06-28,1203.25
2013-07-01,1243.5
2013-07-02,1260.75
2013-07-03,1246.0
2013-07-04,1249.5
2013-07-05,1232.75
2013-07-08,1225.5
2013-07-09,1252.0
2013-07-10,1252.25
2013-07-11,1280.75
2013-07-12,1275.0
2013-07-15,1281.25
2013-07-16,1286.0
2013-07-17,1284.25
2013-07-18,1279.75
2013-07-19,1286.0
2013-07-22,1313.75
2013-07-23,1326.75
2013-07-24,1340.0
2013-07-25,1312.0
2013-07-26,1327.75
2013-07-29,1330.75
2013-07-30,1322.25
2013-07-31,1331.5
2013-08-01,1323.75
2013-08-02,1285.75
2013-08-05,1311.0
2013-08-06,1292.0
2013-08-07,1275.5
2013-08-08,1287.75
2013-08-09,1305.5
2013-08-12,1325.75
2013-08-13,1334.0
2013-08-14,1323.25
2013-08-15,1339.5
2013-08-16,1360.75
2013-08-19,1375.25
2013-08-20,1365.75
2013-08-21,1360.0
2013-08-22,1370.5
2013-08-23,1374.5
2013-08-27,1411.0
2013-08-28,1425.5
2013-08-29,1406.25
2013-08-30,1392.75
2013-09-02,1391.25
2013-09-03,1391.25
2013-09-04,1403.75
2013-09-05,1391.75
2013-09-06,1368.25
2013-09-09,1386.0
2013-09-10,1373.0
2013-09-11,1365.25
2013-09-12,1340.25
2013-09-13,1308.25
2013-09-16,1314.75
2013-09-17,1317.25
2013-09-18,1299.75
2013-09-19,1363.5
2013-09-20,1355.25
2013-09-23,1321.75
2013-09-24,1316.5
2013-09-25,1320.25
2013-09-26,1332.5
2013-09-27,1321.5
2013-09-30,1335.75
2013-10-01,1332.25
2013-10-02,1293.75
2013-10-03,1309.0
2013-10-04,1316.0
2013-10-07,1311.0
2013-10-08,1321.0
2013-10-09,1309.5
2013-10-10,1298.0
2013-10-11,1285.75
2013-10-14,1276.0
2013-10-15,1255.5
2013-10-16,1278.25
2013-10-17,1308.5
2013-10-18,1317.0
2013-10-21,1316.0
2013-10-22,1311.75
2013-10-23,1333.0
2013-10-24,1336.25
2013-10-25,1341.75
2013-10-28,1351.0
2013-10-29,1346.75
2013-10-30,1349.5
2013-10-31,1333.75
2013-11-01,1314.75
2013-11-04,1314.25
2013-11-05,1311.25
2013-11-06,1317.0
2013-11-07,1316.0
2013-11-08,1309.0
2013-11-11,1283.75
2013-11-12,1281.0
2013-11-13,1276.0
2013-11-14,1283.25
2013-11-15,1281.75
2013-11-18,1283.5
2013-11-19,1272.25
2013-11-20,1271.5
2013-11-21,1248.5
2013-11-22,1241.75
2013-11-25,1231.75
2013-11-26,1250.75
2013-11-27,1250.75
2013-11-28,1241.75
2013-11-29,1245.25
2013-12-02,1237.5
2013-12-03,1219.0
2013-12-04,1213.0
2013-12-05,1234.0
2013-12-06,1230.75
2013-12-09,1228.5
2013-12-10,1245.75
2013-12-11,1255.25
2013-12-12,1243.5
2013-12-13,1222.75
2013-12-16,1229.5
2013-12-17,1237.25
2013-12-18,1233.25
2013-12-19,1205.25
2013-12-20,1195.0
2013-12-23,1192.75
2013-12-24,1196.5
2013-12-27,1209.25
2013-12-30,1201.5
2013-12-31,1201.5
2014-01-02,1219.75
2014-01-03,1232.25
2014-01-06,1238.0
2014-01-07,1237.5
2014-01-08,1226.5
2014-01-09,1226.0
2014-01-10,1232.25
2014-01-13,1246.0
2014-01-14,1248.75
2014-01-15,1238.0
2014-01-16,1237.25
2014-01-17,1241.0
2014-01-20,1254.75
2014-01-21,1247.75
2014-01-22,1239.5
2014-01-23,1244.25
2014-01-24,1259.25
2014-01-27,1270.0
2014-01-28,1253.5
2014-01-29,1254.75
2014-01-30,1254.0
2014-01-31,1246.5
2014-02-03,1246.5
2014-02-04,1253.0
2014-02-05,1257.0
2014-02-06,1258.5
2014-02-07,1260.0
2014-02-10,1273.5
2014-02-11,1282.75
2014-02-12,1286.5
2014-02-13,1290.25
2014-02-14,1308.5
2014-02-17,1326.0
2014-02-18,1314.0
2014-02-19,1318.75
2014-02-20,1313.75
2014-02-21,1320.75
2014-02-24,1333.0
2014-02-25,1332.75
2014-02-26,1340.0
2014-02-27,1331.0
2014-02-28,1327.75
2014-03-03,1344.25
2014-03-04,1339.5
2014-03-05,1333.5
2014-03-06,1334.25
2014-03-07,1348.25
2014-03-10,1334.25
2014-03-11,1348.0
2014-03-12,1355.75
2014-03-13,1371.0
2014-03-14,1370.0
2014-03-17,1379.0
2014-03-18,1362.5
2014-03-19,1346.0
2014-03-20,1327.0
2014-03-21,1338.5
2014-03-24,1322.0
2014-03-25,1314.75
2014-03-26,1314.5
2014-03-27,1295.0
2014-03-28,1295.75
2014-03-31,1294.0
2014-04-01,1286.5
2014-04-02,1284.0
2014-04-03,1287.25
2014-04-04,1293.5
2014-04-07,1299.0
2014-04-08,1314.75
2014-04-09,1309.75
2014-04-10,1321.5
2014-04-11,1317.25
2014-04-14,1324.5
2014-04-15,1311.5
2014-04-16,1299.0
2014-04-17,1299.25
2014-04-22,1290.75
2014-04-23,1283.5
2014-04-24,1283.5
2014-04-25,1294.25
2014-04-28,1302.0
2014-04-29,1289.75
2014-04-30,1292.0
2014-05-01,1283.0
2014-05-02,1285.0
2014-05-06,1308.5
2014-05-07,1311.0
2014-05-08,1291.25
2014-05-09,1289.0
2014-05-12,1292.75
2014-05-13,1292.75
2014-05-14,1300.25
2014-05-15,1303.75
2014-05-16,1293.75
2014-05-19,1301.0
2014-05-20,1291.5
2014-05-21,1292.0
2014-05-22,1294.5
2014-05-23,1292.0
2014-05-27,1283.0
2014-05-28,1265.25
2014-05-29,1254.0
2014-05-30,1254.0
2014-06-02,1244.75
2014-06-03,1244.25
2014-06-04,1246.0
2014-06-05,1244.75
2014-06-06,1254.0
2014-06-09,1255.0
2014-06-10,1253.5
2014-06-11,1262.5
2014-06-12,1261.75
2014-06-13,1273.0
2014-06-16,1281.75
2014-06-17,1264.5
2014-06-18,1269.0
2014-06-19,1282.0
2014-06-20,1310.0
2014-06-23,1313.5
2014-06-24,1323.0
2014-06-25,1312.0
2014-06-26,1311.5
2014-06-27,1315.25
2014-06-30,1313.0
2014-07-01,1325.75
2014-07-02,1326.75
2014-07-03,1322.5
2014-07-04,1321.5
2014-07-07,1313.25
2014-07-08,1318.25
2014-07-09,1322.5
2014-07-10,1343.25
2014-07-11,1336.5
2014-07-14,1321.25
2014-07-15,1312.0
2014-07-16,1297.5
2014-07-17,1302.75
2014-07-18,1310.25
2014-07-21,1312.75
2014-07-22,1307.0
2014-07-23,1307.5
2014-07-24,1300.0
2014-07-25,1292.5
2014-07-28,1305.0
2014-07-29,1307.5
2014-07-30,1297.5
2014-07-31,1295.0
2014-08-01,1284.5
2014-08-04,1293.5
2014-08-05,1292.75
2014-08-06,1288.5
2014-08-07,1302.0
2014-08-08,1317.5
2014-08-11,1308.25
2014-08-12,1311.0
2014-08-13,1309.25
2014-08-14,1315.0
2014-08-15,1313.6
2014-08-18,1302.75
2014-08-19,1300.25
2014-08-20,1294.5
2014-08-21,1280.5
2014-08-22,1281.0
2014-08-26,1286.5
2014-08-27,1285.0
2014-08-28,1288.0
2014-08-29,1285.75
2014-09-01,1287.25
2014-09-02,1277.75
2014-09-03,1268.5
2014-09-04,1271.0
2014-09-05,1264.0
2014-09-08,1267.25
2014-09-09,1256.0
2014-09-10,1254.25
2014-09-11,1247.0
2014-09-12,1237.25
2014-09-15,1234.75
2014-09-16,1238.75
2014-09-17,1236.5
2014-09-18,1223.0
2014-09-19,1222.5
2014-09-22,1214.0
2014-09-23,1225.0
2014-09-24,1224.0
2014-09-25,1210.5
2014-09-26,1222.25
2014-09-29,1217.75
2014-09-30,1210.0
2014-10-01,1208.5
2014-10-02,1214.5
2014-10-03,1207.5
2014-10-06,1193.25
2014-10-07,1207.5
2014-10-08,1220.0
2014-10-09,1227.5
2014-10-10,1222.25
2014-10-13,1228.0
2014-10-14,1233.0
2014-10-15,1223.5
2014-10-16,1241.0
2014-10-17,1238.0
2014-10-20,1241.0
2014-10-21,1251.75
2014-10-22,1246.75
2014-10-23,1240.5
2014-10-24,1231.75
2014-10-27,1230.5
2014-10-28,1228.25
2014-10-29,1228.0
2014-10-30,1205.75
2014-10-31,1173.25
2014-11-03,1170.75
2014-11-04,1169.25
2014-11-05,1145.25
2014-11-06,1144.5
2014-11-07,1145.0
2014-11-10,1172.0
2014-11-11,1151.25
2014-11-12,1163.25
2014-11-13,1161.0
2014-11-14,1154.0
2014-11-17,1187.0
2014-11-18,1202.0
2014-11-19,1200.75
2014-11-20,1194.0
2014-11-21,1193.25
2014-11-24,1196.0
2014-11-25,1202.25
2014-11-26,1195.75
2014-11-27,1196.5
2014-11-28,1184.5
2014-12-01,1178.75
2014-12-02,1197.0
2014-12-03,1203.25
2014-12-04,1204.0
2014-12-05,1204.5
2014-12-08,1195.25
2014-12-09,1206.5
2014-12-10,1228.25
2014-12-11,1219.5
2014-12-12,1223.5
2014-12-15,1210.75
2014-12-16,1199.25
2014-12-17,1199.0
2014-12-18,1210.75
2014-12-19,1197.5
2014-12-22,1195.25
2014-12-23,1179.5
2014-12-24,1177.0
2014-12-29,1194.0
2014-12-30,1186.5
2014-12-31,1199.25
2015-01-02,1184.25
2015-01-05,1192.0
2015-01-06,1211.0
2015-01-07,1213.75
2015-01-08,1206.5
2015-01-09,1211.25
2015-01-12,1222.0
2015-01-13,1239.0
2015-01-14,1228.75
2015-01-15,1235.25
2015-01-16,1258.25
2015-01-19,1275.5
2015-01-20,1292.25
2015-01-21,1298.0
2015-01-22,1287.0
2015-01-23,1293.5
2015-01-26,1282.75
2015-01-27,1279.0
2015-01-28,1287.0
2015-01-29,1275.5
2015-01-30,1263.5
2015-02-02,1274.25
2015-02-03,1281.0
2015-02-04,1269.25
2015-02-05,1263.75
2015-02-06,1264.0
2015-02-09,1242.25
2015-02-10,1237.5
2015-02-11,1235.5
2015-02-12,1225.25
2015-02-13,1225.75
2015-02-16,1233.5
2015-02-17,1221.75
2015-02-18,1206.5
2015-02-19,1217.75
2015-02-20,1203.5
2015-02-23,1193.5
2015-02-24,1195.5
2015-02-25,1206.5
2015-02-26,1220.0
2015-02-27,1205.0
2015-03-02,1216.75
2015-03-03,1207.75
2015-03-04,1204.25
2015-03-05,1199.75
2015-03-06,1196.5
2015-03-09,1173.75
2015-03-10,1161.0
2015-03-11,1158.75
2015-03-12,1161.25
2015-03-13,1156.5
2015-03-16,1157.0
2015-03-17,1154.75
2015-03-18,1149.0
2015-03-19,1164.0
2015-03-20,1171.75
2015-03-23,1181.4
2015-03-24,1193.25
2015-03-25,1192.55
2015-03-26,1209.4
2015-03-27,1198.0
2015-03-30,1187.4
2015-03-31,1179.25
2015-04-01,1181.25
2015-04-02,1201.5
2015-04-07,1208.5
2015-04-08,1211.1
2015-04-09,1196.0
2015-04-10,1201.9
2015-04-13,1197.85
2015-04-14,1191.45
2015-04-15,1189.85
2015-04-16,1204.6
2015-04-17,1204.55
2015-04-20,1203.25
2015-04-21,1197.7
2015-04-22,1202.4
2015-04-23,1187.75
2015-04-24,1192.15
2015-04-27,1182.75
2015-04-28,1201.4
2015-04-29,1204.8
2015-04-30,1204.3
2015-05-01,1179.0
2015-05-05,1187.4
2015-05-06,1191.25
2015-05-07,1183.0
2015-05-08,1185.25
2015-05-11,1184.75
2015-05-12,1184.45
2015-05-13,1193.0
2015-05-14,1214.75
2015-05-15,1216.3
2015-05-18,1228.15
2015-05-19,1219.65
2015-05-20,1206.75
2015-05-21,1209.6
2015-05-22,1211.0
2015-05-26,1194.0
2015-05-27,1187.85
2015-05-28,1189.45
2015-05-29,1190.4
2015-06-01,1187.3
2015-06-02,1188.75
2015-06-03,1186.6
2015-06-04,1182.45
2015-06-05,1175.9
2015-06-08,1173.4
2015-06-09,1181.0
2015-06-10,1186.0
2015-06-11,1180.5
2015-06-12,1179.25
2015-06-15,1178.25
2015-06-16,1182.1
2015-06-17,1178.5
2015-06-18,1198.0
2015-06-19,1198.15
2015-06-22,1193.7
2015-06-23,1183.35
2015-06-24,1175.75
2015-06-25,1174.6
2015-06-26,1174.4
2015-06-29,1176.5
2015-06-30,1175.0
2015-07-01,1171.7
2015-07-02,1164.3
2015-07-03,1168.25
2015-07-06,1164.25
2015-07-07,1166.25
2015-07-08,1154.25
2015-07-09,1162.1
2015-07-10,1162.4
2015-07-13,1154.95
2015-07-14,1153.2
2015-07-15,1154.75
2015-07-16,1145.1
2015-07-17,1143.0
2015-07-20,1115.0
2015-07-21,1108.0
2015-07-22,1096.8
2015-07-23,1101.65
2015-07-24,1083.75
2015-07-27,1098.6
2015-07-28,1095.6
2015-07-29,1096.75
2015-07-30,1085.65
2015-07-31,1080.05
2015-08-03,1093.0
2015-08-04,1092.6
2015-08-05,1086.5
2015-08-06,1085.0
2015-08-07,1091.35
2015-08-10,1094.8
2015-08-11,1113.25
2015-08-12,1116.8
2015-08-13,1117.35
2015-08-14,1116.75
2015-08-17,1117.3
2015-08-18,1119.15
2015-08-19,1123.2
2015-08-20,1137.95
2015-08-21,1149.35
2015-08-24,1153.5
2015-08-25,1154.25
2015-08-26,1134.4
2015-08-27,1128.5
2015-08-28,1125.5
2015-09-01,1141.9
2015-09-02,1140.0
2015-09-03,1130.05
2015-09-04,1125.0
2015-09-07,1121.0
2015-09-08,1120.85
2015-09-09,1122.3
2015-09-10,1107.75
2015-09-11,1106.35
2015-09-14,1108.0
2015-09-15,1105.5
2015-09-16,1109.75
2015-09-17,1118.15
2015-09-18,1136.0
2015-09-21,1136.85
2015-09-22,1129.3
2015-09-23,1124.6
2015-09-24,1134.45
2015-09-25,1145.5
2015-09-28,1137.5
2015-09-29,1124.6
2015-09-30,1122.5
2015-10-01,1114.2
2015-10-02,1106.3
2015-10-05,1134.35
2015-10-06,1136.9
2015-10-07,1147.9
2015-10-08,1143.3
2015-10-09,1151.5
2015-10-12,1164.2
2015-10-13,1154.4
2015-10-14,1173.7
2015-10-15,1183.35
2015-10-16,1176.35
2015-10-19,1171.65
2015-10-20,1173.7
2015-10-21,1174.4
2015-10-22,1166.45
2015-10-23,1171.55
2015-10-26,1168.5
2015-10-27,1165.75
2015-10-28,1171.5
2015-10-29,1159.0
2015-10-30,1147.75
2015-11-02,1135.8
2015-11-03,1130.9
2015-11-04,1118.0
2015-11-05,1107.3
2015-11-06,1107.7
2015-11-09,1095.6
2015-11-10,1092.5
2015-11-11,1088.6
2015-11-12,1087.6
2015-11-13,1083.75
2015-11-16,1094.5
2015-11-17,1080.8
2015-11-18,1070.5
2015-11-19,1073.1
2015-11-20,1085.15
2015-11-23,1068.35
2015-11-24,1073.0
2015-11-25,1072.2
2015-11-26,1070.5
2015-11-27,1064.65
2015-11-30,1055.65
2015-12-01,1069.25
2015-12-02,1066.9
2015-12-03,1050.6
2015-12-04,1063.0
2015-12-07,1082.7
2015-12-08,1071.75
2015-12-09,1078.4
2015-12-10,1072.0
2015-12-11,1067.2
2015-12-14,1068.0
2015-12-15,1069.15
2015-12-16,1065.75
2015-12-17,1065.85
2015-12-18,1055.25
2015-12-21,1071.15
2015-12-22,1077.0
2015-12-23,1071.5
2015-12-24,1071.9
2015-12-29,1067.25
2015-12-30,1067.8
2015-12-31,1062.25
2016-01-04,1072.7
2016-01-05,1078.0
2016-01-06,1083.85
2016-01-07,1096.0
2016-01-08,1097.45
2016-01-11,1104.7
2016-01-12,1094.85
2016-01-13,1081.8
2016-01-14,1090.75
2016-01-15,1081.1
2016-01-18,1090.45
2016-01-19,1087.0
2016-01-20,1093.2
2016-01-21,1096.8
2016-01-22,1097.65
2016-01-25,1103.7
2016-01-26,1114.7
2016-01-27,1116.5
2016-01-28,1119.0
2016-01-29,1112.9
2016-02-01,1122.0
2016-02-02,1123.6
2016-02-03,1130.0
2016-02-04,1146.25
2016-02-05,1158.5
2016-02-08,1173.4
2016-02-09,1188.9
2016-02-10,1183.4
2016-02-11,1223.25
2016-02-12,1239.5
2016-02-15,1208.45
2016-02-16,1212.0
2016-02-17,1202.4
2016-02-18,1204.4
2016-02-19,1221.5
2016-02-22,1203.65
2016-02-23,1218.75
2016-02-24,1232.25
2016-02-25,1235.4
2016-02-26,1231.0
2016-02-29,1234.15
2016-03-01,1240.0
2016-03-02,1229.35
2016-03-03,1241.95
2016-03-04,1271.5
2016-03-07,1267.6
2016-03-08,1274.1
2016-03-09,1258.25
2016-03-10,1247.25
2016-03-11,1262.25
2016-03-14,1256.55
2016-03-15,1233.6
2016-03-16,1233.1
2016-03-17,1269.6
2016-03-18,1254.5
2016-03-21,1244.25
2016-03-22,1251.8
2016-03-23,1232.2
2016-03-24,1216.45
2016-03-29,1216.45
2016-03-30,1238.2
2016-03-31,1233.6
2016-04-01,1232.1
2016-04-04,1215.0
2016-04-05,1231.5
2016-04-06,1225.75
2016-04-07,1237.5
2016-04-08,1235.0
2016-04-11,1247.25
2016-04-12,1259.2
2016-04-13,1245.75
2016-04-14,1240.3
2016-04-15,1229.75
2016-04-18,1237.7
2016-04-19,1241.7
2016-04-20,1247.75
2016-04-21,1257.65
2016-04-22,1245.4
2016-04-25,1230.85
2016-04-26,1234.5
2016-04-27,1244.75
2016-04-28,1256.6
2016-04-29,1274.5
2016-05-03,1296.5
2016-05-04,1280.3
2016-05-05,1275.75
2016-05-06,1280.25
2016-05-09,1277.75
2016-05-10,1264.85
2016-05-11,1271.8
2016-05-12,1268.3
2016-05-13,1275.15
2016-05-16,1281.0
2016-05-17,1270.1
2016-05-18,1270.9
2016-05-19,1253.75
2016-05-20,1256.5
2016-05-23,1250.4
2016-05-24,1242.65
2016-05-25,1220.75
2016-05-26,1226.65
2016-05-27,1221.25
2016-05-31,1210.5
2016-06-01,1216.25
2016-06-02,1215.5
2016-06-03,1211.0
2016-06-06,1240.55
2016-06-07,1241.1
2016-06-08,1252.4
2016-06-09,1258.35
2016-06-10,1266.6
2016-06-13,1284.1
2016-06-14,1279.4
2016-06-15,1282.0
2016-06-16,1307.0
2016-06-17,1284.5
2016-06-20,1283.25
2016-06-21,1280.8
2016-06-22,1265.0
2016-06-23,1265.75
2016-06-24,1313.85
2016-06-27,1324.6
2016-06-28,1312.0
2016-06-29,1317.75
2016-06-30,1317.0
2016-07-01,1331.75
2016-07-04,1348.75
2016-07-05,1344.75
2016-07-06,1370.0
2016-07-07,1367.1
2016-07-08,1356.1
2016-07-11,1358.25
2016-07-12,1352.85
2016-07-13,1340.25
2016-07-14,1325.7
2016-07-15,1330.5
2016-07-18,1326.15
2016-07-19,1332.2
2016-07-20,1325.6
2016-07-21,1322.0
2016-07-22,1323.2
2016-07-25,1315.0
2016-07-26,1321.25
2016-07-27,1320.8
2016-07-28,1341.3
2016-07-29,1332.5
2016-08-01,1348.85
2016-08-02,1358.15
2016-08-03,1364.4
2016-08-04,1351.15
2016-08-05,1362.6
2016-08-08,1330.0
2016-08-09,1332.9
2016-08-10,1351.85
2016-08-11,1344.55
2016-08-12,1336.7
2016-08-15,1339.2
2016-08-16,1349.1
2016-08-17,1342.75
2016-08-18,1347.1
2016-08-19,1346.85
2016-08-22,1334.3
2016-08-23,1338.5
2016-08-24,1337.3
2016-08-25,1324.5
2016-08-26,1324.9
2016-08-30,1318.85
2016-08-31,1314.45
2016-09-01,1305.7
2016-09-02,1311.5
2016-09-05,1328.3
2016-09-06,1330.05
2016-09-07,1348.75
2016-09-08,1348.0
2016-09-09,1335.65
2016-09-12,1327.5
2016-09-13,1328.5
2016-09-14,1323.2
2016-09-15,1320.1
2016-09-16,1314.25
2016-09-19,1315.05
2016-09-20,1315.4
2016-09-21,1319.6
2016-09-22,1332.45
2016-09-23,1335.9
2016-09-26,1336.3
2016-09-27,1335.85
2016-09-28,1324.8
2016-09-29,1320.85
2016-09-30,1327.9
2016-10-03,1318.65
2016-10-04,1309.15
2016-10-05,1274.0
2016-10-06,1265.5
2016-10-07,1255.0
2016-10-10,1262.1
2016-10-11,1256.4
2016-10-12,1255.7
2016-10-13,1258.0
2016-10-14,1256.15
2016-10-17,1252.7
2016-10-18,1261.65
2016-10-19,1269.75
2016-10-20,1269.2
2016-10-21,1263.95
2016-10-24,1267.0
2016-10-25,1269.3
2016-10-26,1273.9
2016-10-27,1269.3
2016-10-28,1265.9
2016-10-31,1274.2
2016-11-01,1284.4
2016-11-02,1295.85
2016-11-03,1293.0
2016-11-04,1301.7
2016-11-07,1286.8
2016-11-08,1284.0
2016-11-09,1304.55
2016-11-10,1280.9
2016-11-11,1255.65
2016-11-14,1222.6
2016-11-15,1228.9
2016-11-16,1225.7
2016-11-17,1232.0
2016-11-18,1206.1
2016-11-21,1214.95
2016-11-22,1217.55
2016-11-23,1213.25
2016-11-24,1187.25
2016-11-25,1187.5
2016-11-28,1189.1
2016-11-29,1187.3
2016-11-30,1187.4
2016-12-01,1168.75
2016-12-02,1171.65
2016-12-05,1164.9
2016-12-06,1171.15
2016-12-07,1171.25
2016-12-08,1174.75
2016-12-09,1168.9
2016-12-12,1154.4
2016-12-13,1157.35
2016-12-14,1160.95
2016-12-15,1132.45
2016-12-16,1134.85
2016-12-19,1137.6
2016-12-20,1132.75
2016-12-21,1134.4
2016-12-22,1130.55
2016-12-23,1131.0
2016-12-28,1139.75
2016-12-29,1146.8
2016-12-30,1159.1
2017-01-03,1148.65
2017-01-04,1165.9
2017-01-05,1173.05
2017-01-06,1178.0
2017-01-09,1176.1
2017-01-10,1183.2
2017-01-11,1187.55
2017-01-12,1206.65
2017-01-13,1196.35
2017-01-16,1202.75
2017-01-17,1217.5
2017-01-18,1212.5
2017-01-19,1203.35
2017-01-20,1199.1
2017-01-23,1213.75
2017-01-24,1213.3
2017-01-25,1203.5
2017-01-26,1191.55
2017-01-27,1184.2
2017-01-30,1189.85
2017-01-31,1198.8
2017-02-01,1210.0
2017-02-02,1224.05
2017-02-03,1213.05
2017-02-06,1221.85
2017-02-07,1231.0
2017-02-08,1235.6
2017-02-09,1241.75
2017-02-10,1225.75
2017-02-13,1229.4
2017-02-14,1229.65
2017-02-15,1225.15
2017-02-16,1236.75
2017-02-17,1241.4
2017-02-20,1235.35
2017-02-21,1228.7
2017-02-22,1237.5
2017-02-23,1237.35
2017-02-24,1255.35
2017-02-27,1256.25
2017-02-28,1251.9
2017-03-01,1246.05
2017-03-02,1243.3
2017-03-03,1228.75
2017-03-06,1231.15
2017-03-07,1223.7
2017-03-08,1213.3
2017-03-09,1204.6
2017-03-10,1196.55
2017-03-13,1207.8
2017-03-14,1203.55
2017-03-15,1202.25
2017-03-16,1225.6
2017-03-17,1228.75
2017-03-20,1233.0
2017-03-21,1232.05
2017-03-22,1246.1
2017-03-23,1247.9
2017-03-24,1244.0
2017-03-27,1256.9
2017-03-28,1253.65
2017-03-29,1252.9
2017-03-30,1250.9
2017-03-31,1241.7
2017-04-03,1246.25
2017-04-04,1258.65
2017-04-05,1252.5
2017-04-06,1253.75
2017-04-07,1264.3
2017-04-10,1253.6
2017-04-11,1255.7
2017-04-12,1272.3
2017-04-13,1286.1
2017-04-18,1285.0
2017-04-19,1282.05
2017-04-20,1279.9
2017-04-21,1281.5
2017-04-24,1271.8
2017-04-25,1270.5
2017-04-26,1264.95
2017-04-27,1264.3
2017-04-28,1265.55
2017-05-02,1255.8
2017-05-03,1253.95
2017-05-04,1235.85
2017-05-05,1239.4
2017-05-08,1229.7
2017-05-09,1225.15
2017-05-10,1222.95
2017-05-11,1221.0
2017-05-12,1227.9
2017-05-15,1231.5
2017-05-16,1234.05
2017-05-17,1244.6
2017-05-18,1261.35
2017-05-19,1251.85
2017-05-22,1255.25
2017-05-23,1259.9
2017-05-24,1251.35
2017-05-25,1257.1
2017-05-26,1265.0
2017-05-30,1262.8
2017-05-31,1263.8
2017-06-01,1266.15
2017-06-02,1260.95
2017-06-05,1280.7
2017-06-06,1287.85
2017-06-07,1292.7
2017-06-08,1284.8
2017-06-09,1274.25
2017-06-12,1269.25
2017-06-13,1261.3
2017-06-14,1268.25
2017-06-15,1260.25
2017-06-16,1256.6
2017-06-19,1251.1
2017-06-20,1246.5
2017-06-21,1247.05
2017-06-22,1251.4
2017-06-23,1256.3
2017-06-26,1240.85
2017-06-27,1250.4
2017-06-28,1251.6
2017-06-29,1246.6
2017-06-30,1243.25
2017-07-03,1235.2
2017-07-04,1224.25
2017-07-05,1221.9
2017-07-06,1224.3
2017-07-07,1220.4
2017-07-10,1207.55
2017-07-11,1211.9
2017-07-12,1219.4
2017-07-13,1221.4
2017-07-14,1218.95
2017-07-17,1229.85
2017-07-18,1237.1
2017-07-19,1239.85
2017-07-20,1236.55
2017-07-21,1247.25
2017-07-24,1255.85
2017-07-25,1252.0
2017-07-26,1245.4
2017-07-27,1262.05
2017-07-28,1259.6
2017-07-31,1266.35
2017-08-01,1267.05
2017-08-02,1266.65
2017-08-03,1261.8
2017-08-04,1269.3
2017-08-07,1257.55
2017-08-08,1261.45
2017-08-09,1267.95
2017-08-10,1278.9
2017-08-11,1288.3
2017-08-14,1281.1
2017-08-15,1274.6
2017-08-16,1270.15
2017-08-17,1285.9
2017-08-18,1295.25
2017-08-21,1287.6
2017-08-22,1285.1
2017-08-23,1286.45
2017-08-24,1285.9
2017-08-25,1287.05
2017-08-29,1323.4
2017-08-30,1310.6
2017-08-31,1305.8
2017-09-01,1318.4
2017-09-04,1334.6
2017-09-05,1331.15
2017-09-06,1340.15
2017-09-07,1340.45
2017-09-08,1350.9
2017-09-11,1338.75
2017-09-12,1326.25
2017-09-13,1332.25
2017-09-14,1323.0
2017-09-15,1325.0
2017-09-18,1314.4
2017-09-19,1308.45
2017-09-20,1314.9
2017-09-21,1297.35
2017-09-22,1297.0
2017-09-25,1295.5
2017-09-26,1306.9
2017-09-27,1291.3
2017-09-28,1284.3
2017-09-29,1286.95
2017-10-02,1273.1
2017-10-03,1270.7
2017-10-04,1275.55
2017-10-05,1278.4
2017-10-06,1268.2
2017-10-09,1282.15
2017-10-10,1289.6
2017-10-11,1290.2
2017-10-12,1294.45
2017-10-13,1293.9
2017-10-16,1305.15
2017-10-17,1289.7
2017-10-18,1280.65
2017-10-19,1283.4
2017-10-20,1280.25
2017-10-23,1275.25
2017-10-24,1278.3
2017-10-25,1273.0
2017-10-26,1278.0
2017-10-27,1267.8
2017-10-30,1272.75
2017-10-31,1274.4
2017-11-01,1279.25
2017-11-02,1276.4
2017-11-03,1275.3
2017-11-06,1271.6
2017-11-07,1276.35
2017-11-08,1282.25
2017-11-09,1284.0
2017-11-10,1284.45
2017-11-13,1278.4
2017-11-14,1273.7
2017-11-15,1285.7
2017-11-16,1277.7
2017-11-17,1283.85
2017-11-20,1292.35
2017-11-21,1280.0
2017-11-22,1283.95
2017-11-23,1290.15
2017-11-24,1289.15
2017-11-27,1294.7
2017-11-28,1293.9
2017-11-29,1294.85
2017-11-30,1282.15
2017-12-01,1277.25
2017-12-04,1279.1
2017-12-05,1275.9
2017-12-06,1268.55
2017-12-07,1256.8
2017-12-08,1245.85
2017-12-11,1251.4
2017-12-12,1243.4
2017-12-13,1241.6
2017-12-14,1255.6
2017-12-15,1257.25
2017-12-18,1258.65
2017-12-19,1263.1
2017-12-20,1265.95
2017-12-21,1265.85
2017-12-22,1268.05
2017-12-27,1285.4
2017-12-28,1291.6
2017-12-29,1296.5
2018-01-02,1312.8
2018-01-03,1314.6
2018-01-04,1313.7
2018-01-05,1317.9
2018-01-08,1318.8
2018-01-09,1314.95
2018-01-10,1321.65
2018-01-11,1319.85
2018-01-12,1332.9
2018-01-15,1343.0
2018-01-16,1334.95
2018-01-17,1337.35
2018-01-18,1329.75
2018-01-19,1335.8
2018-01-22,1334.15
2018-01-23,1337.1
2018-01-24,1350.5
2018-01-25,1360.25
2018-01-26,1354.35
2018-01-29,1348.4
2018-01-30,1345.7
2018-01-31,1343.35
2018-02-01,1341.1
2018-02-02,1345.0
2018-02-05,1337.1
2018-02-06,1344.65
2018-02-07,1328.5
2018-02-08,1311.05
2018-02-09,1316.05
2018-02-12,1321.7
2018-02-13,1329.4
2018-02-14,1330.75
2018-02-15,1353.7
2018-02-16,1358.6
2018-02-19,1347.4
2018-02-20,1337.4
2018-02-21,1328.6
2018-02-22,1323.5
2018-02-23,1328.9
2018-02-26,1339.05
2018-02-27,1332.75
2018-02-28,1320.3
2018-03-01,1311.25
2018-03-02,1316.75
2018-03-05,1326.3
2018-03-06,1324.95
2018-03-07,1332.5
2018-03-08,1325.4
2018-03-09,1319.35
2018-03-12,1317.25
2018-03-13,1318.7
2018-03-14,1324.95
2018-03-15,1323.35
2018-03-16,1320.05
2018-03-19,1311.7
2018-03-20,1312.75
2018-03-21,1316.35
2018-03-22,1328.85
2018-03-23,1342.35
2018-03-26,1348.4
2018-03-27,1350.65
2018-03-28,1341.05
2018-03-29,1323.9
2018-04-03,1336.6
2018-04-04,1343.15
2018-04-05,1327.05
2018-04-06,1325.6
2018-04-09,1328.5
2018-04-10,1335.95
2018-04-11,1345.2
2018-04-12,1345.9
2018-04-13,1340.75
2018-04-16,1344.4
2018-04-17,1342.95
2018-04-18,1346.55
2018-04-19,1347.9
2018-04-20,1340.15
2018-04-23,1328.0
2018-04-24,1327.35
2018-04-25,1325.7
2018-04-26,1321.9
2018-04-27,1317.7
2018-04-30,1316.25
2018-05-01,1309.2
2018-05-02,1310.75
2018-05-03,1313.3
2018-05-04,1309.35
2018-05-08,1310.05
2018-05-09,1306.85
2018-05-10,1314.8
2018-05-11,1324.8
2018-05-14,1320.7
2018-05-15,1310.05
2018-05-16,1291.75
2018-05-17,1288.85
2018-05-18,1287.2
2018-05-21,1285.85
2018-05-22,1293.9
2018-05-23,1294.0
2018-05-24,1296.35
2018-05-25,1303.95
2018-05-29,1302.05
2018-05-30,1298.6
2018-05-31,1303.5
2018-06-01,1299.15
2018-06-04,1294.65
2018-06-05,1292.25
2018-06-06,1295.25
2018-06-07,1298.3
2018-06-08,1299.2
2018-06-11,1296.05
2018-06-12,1298.3
2018-06-13,1294.4
2018-06-14,1305.3
2018-06-15,1300.1
2018-06-18,1281.25
2018-06-19,1279.0
2018-06-20,1273.25
2018-06-21,1263.7
2018-06-22,1269.7
2018-06-25,1269.8
2018-06-26,1257.15
2018-06-27,1256.8
2018-06-28,1250.5
2018-06-29,1250.55
2018-07-02,1249.0
2018-07-03,1245.85
2018-07-04,1256.9
2018-07-05,1252.5
2018-07-06,1254.2
2018-07-09,1262.6
2018-07-10,1253.7
2018-07-11,1250.0
2018-07-12,1244.85
2018-07-13,1240.5
2018-07-16,1244.9
2018-07-17,1243.65
2018-07-18,1223.45
2018-07-19,1217.4
2018-07-20,1224.85
2018-07-23,1229.45
2018-07-24,1224.3
2018-07-25,1230.55
2018-07-26,1228.35
2018-07-27,1219.15
2018-07-30,1222.05
2018-07-31,1219.2
2018-08-01,1222.75
2018-08-02,1217.6
2018-08-03,1207.7
2018-08-06,1212.0
2018-08-07,1215.4
2018-08-08,1212.35
2018-08-09,1215.5
2018-08-10,1211.65
2018-08-13,1204.4
2018-08-14,1195.3
2018-08-15,1186.7
2018-08-16,1179.65
2018-08-17,1176.7
2018-08-20,1188.75
2018-08-21,1194.1
2018-08-22,1196.85
2018-08-23,1187.3
2018-08-24,1189.95
2018-08-28,1212.75
2018-08-29,1204.3
2018-08-30,1202.35
2018-08-31,1206.85
2018-09-03,1201.7
2018-09-04,1195.75
2018-09-05,1194.7
2018-09-06,1204.3
2018-09-07,1200.75
2018-09-10,1195.8
2018-09-11,1194.0
2018-09-12,1197.8
2018-09-13,1206.65
2018-09-14,1206.2
2018-09-17,1196.8
2018-09-18,1199.4
2018-09-19,1203.0
2018-09-20,1203.0
2018-09-21,1207.6
2018-09-24,1198.75
2018-09-25,1199.45
2018-09-26,1198.8
2018-09-27,1196.0
2018-09-28,1183.5
2018-10-01,1185.3
2018-10-02,1192.65
2018-10-03,1203.5
2018-10-04,1199.45
2018-10-05,1201.1
2018-10-08,1194.8
2018-10-09,1187.4
2018-10-10,1186.4
2018-10-11,1201.1
2018-10-12,1218.75
2018-10-15,1233.0
2018-10-16,1228.85
2018-10-17,1226.75
2018-10-18,1224.6
2018-10-19,1228.25
2018-10-22,1222.9
2018-10-23,1235.6
2018-10-24,1231.65
2018-10-25,1232.15
2018-10-26,1236.05
2018-10-29,1230.75
2018-10-30,1220.0
2018-10-31,1217.7
2018-11-01,1223.25
2018-11-02,1235.5
2018-11-05,1231.6
2018-11-06,1234.85
2018-11-07,1235.05
2018-11-08,1223.45
2018-11-09,1219.05
2018-11-12,1207.05
2018-11-13,1197.55
2018-11-14,1201.45
2018-11-15,1210.6
2018-11-16,1215.8
2018-11-19,1223.55
2018-11-20,1223.1
2018-11-21,1224.0
2018-11-22,1228.25
2018-11-23,1222.15
2018-11-26,1226.65
2018-11-27,1225.05
2018-11-28,1213.2
2018-11-29,1226.45
2018-11-30,1220.45
2018-12-03,1231.05
2018-12-04,1239.25
2018-12-05,1236.15
2018-12-06,1236.45
2018-12-07,1241.2
2018-12-10,1246.8
2018-12-11,1248.25
2018-12-12,1244.75
2018-12-13,1244.45
2018-12-14,1239.15
2018-12-17,1239.1
2018-12-18,1248.8
2018-12-19,1248.6
2018-12-20,1255.0
2018-12-21,1257.6
2018-12-24,1261.25
2018-12-27,1271.1
2018-12-28,1277.25
2018-12-31,1281.65
2019-01-02,1287.2
2019-01-03,1287.95
2019-01-04,1290.35
2019-01-07,1291.5
2019-01-08,1283.9
2019-01-09,1281.3
2019-01-10,1292.4
2019-01-11,1292.8
2019-01-14,1293.7
2019-01-15,1289.35
2019-01-16,1290.5
2019-01-17,1294.0
2019-01-18,1285.05
2019-01-21,1278.7
2019-01-22,1284.75
2019-01-23,1284.9
2019-01-24,1279.75
2019-01-25,1282.95
2019-01-28,1301.0
2019-01-29,1308.35
2019-01-30,1312.95
2019-01-31,1322.5
2019-02-01,1320.75
2019-02-04,1311.0
2019-02-05,1314.0
2019-02-06,1313.35
2019-02-07,1306.6
2019-02-08,1311.1
2019-02-11,1306.75
2019-02-12,1311.6
2019-02-13,1311.15
2019-02-14,1305.65
2019-02-15,1318.0
2019-02-18,1323.95
2019-02-19,1329.55
2019-02-20,1345.75
2019-02-21,1335.05
2019-02-22,1322.25
2019-02-25,1329.15
2019-02-26,1327.55
2019-02-27,1326.45
2019-02-28,1325.45
2019-03-01,1309.95
2019-03-04,1287.45
2019-03-05,1285.0
2019-03-06,1285.55
2019-03-07,1286.4
2019-03-08,1294.1
2019-03-11,1296.35
2019-03-12,1296.95
2019-03-13,1308.4
2019-03-14,1299.2
2019-03-15,1302.65
2019-03-18,1305.35
2019-03-19,1308.35
2019-03-20,1303.0
2019-03-21,1317.3
2019-03-22,1311.1
2019-03-25,1319.35
2019-03-26,1315.25
2019-03-27,1318.25
2019-03-28,1306.9
2019-03-29,1291.15
2019-04-01,1291.9
2019-04-02,1287.2
2019-04-03,1291.85
2019-04-04,1291.6
2019-04-05,1288.9
2019-04-08,1297.1
2019-04-09,1301.85
2019-04-10,1304.8
2019-04-11,1304.65
2019-04-12,1296.15
2019-04-15,1286.75
2019-04-16,1283.75
2019-04-17,1276.1
2019-04-18,1276.5
2019-04-23,1273.45
2019-04-24,1273.8
2019-04-25,1277.85
2019-04-26,1281.5
2019-04-29,1282.15
2019-04-30,1285.15
2019-05-01,1281.8
2019-05-02,1271.45
2019-05-03,1270.05
2019-05-07,1281.3
2019-05-08,1287.75
2019-05-09,1284.1
2019-05-10,1285.4
2019-05-13,1282.95
2019-05-14,1297.6
2019-05-15,1298.9
2019-05-16,1295.55
2019-05-17,1285.8
2019-05-20,1275.25
2019-05-21,1276.0
2019-05-22,1274.0
2019-05-23,1275.95
2019-05-24,1281.5
2019-05-28,1283.9
2019-05-29,1283.5
2019-05-30,1276.45
2019-05-31,1296.0
2019-06-03,1313.95
2019-06-04,1323.6
2019-06-05,1337.75
2019-06-06,1336.65
2019-06-07,1334.3
2019-06-10,1328.6
2019-06-11,1322.65
2019-06-12,1336.65
2019-06-13,1335.8
2019-06-14,1352.45
2019-06-17,1333.2
2019-06-18,1344.55
2019-06-19,1342.4
2019-06-20,1381.65
2019-06-21,1388.35
2019-06-24,1405.45
2019-06-25,1429.55
2019-06-26,1406.75
2019-06-27,1402.25
2019-06-28,1413.2
2019-07-01,1390.05
2019-07-02,1393.1
2019-07-03,1425.1
2019-07-04,1415.25
2019-07-05,1414.4
2019-07-08,1404.9
2019-07-09,1387.9
2019-07-10,1395.45
2019-07-11,1423.1
2019-07-12,1405.6
2019-07-15,1416.25
2019-07-16,1416.1
2019-07-17,1400.8
2019-07-18,1420.9
2019-07-19,1437.05
2019-07-22,1424.45
2019-07-23,1417.55
2019-07-24,1425.55
2019-07-25,1426.35
2019-07-26,1418.25
2019-07-29,1418.95
2019-07-30,1428.45
2019-07-31,1430.55
2019-08-01,1406.4
2019-08-02,1436.05
2019-08-05,1457.45
2019-08-06,1461.85
2019-08-07,1487.65
2019-08-08,1497.4
2019-08-09,1503.5
2019-08-12,1501.95
2019-08-13,1527.2
2019-08-14,1500.35
2019-08-15,1517.65
2019-08-16,1509.05
2019-08-19,1499.35
2019-08-20,1502.65
2019-08-21,1499.65
2019-08-22,1498.7
2019-08-23,1495.5
2019-08-27,1531.85
2019-08-28,1541.75
2019-08-29,1536.65
2019-08-30,1526.55
2019-09-02,1523.35
